species,wavelength,response_index,framework,neg_log_likelihood,native_neg_log_likelihood,objective_approximation_gap,seconds,n_inits,n_iterations,n_params_at_bound,rmse,rmse_ppm,mae_ppm,nrmse,nlpd_standardised,coverage_95,noise_var,low_var,low_length_scale,discrepancy_var,discrepancy_length_scale,rho
H2O,2.6975000000000002,16,sklearn,182.26825099837131,182.26825099837131,0.0,0.9449037079466507,3,-1,0,3.291974034555373e-05,32.91974034555373,22.94625357270725,0.44061011235192216,0.36731298697159886,0.8,0.026738163200994685,1.409529236863147,4.298385829384875,0.04851480063774559,5.247344406867776,0.7733093502561107
HCN,2.9975,36,sklearn,266.2978021907338,266.2978021907338,0.0,0.7323219169629738,3,-1,0,3.712184334743916e-05,37.12184334743916,27.250928561450984,0.45036702499529735,0.39923374142765183,0.9333333333333333,0.08690109962790293,1.1296052208081433,3.5485159663286288,0.3518984664523535,7.905354293261471,0.5804195647317202
CH4,3.3125,57,sklearn,203.54632080549058,203.54632080549067,8.526512829121202e-14,0.6958641660166904,3,-1,0,5.986072322354214e-05,59.860723223542145,43.37396218793436,0.46251651622622075,0.7906439519033425,0.9666666666666667,0.05224920483893035,16.37212121816326,16.04466614011899,0.410956697243561,1.8499543367115723,1.0826082903646737
H2S,3.8525,93,sklearn,223.81976068574787,223.81976068574784,-2.842170943040401e-14,0.6909992089495063,3,-1,0,0.00019125058914946496,191.25058914946496,144.08412253680274,0.5292918466268669,0.838415338869734,0.9,0.05409545335075786,3.0275416130492774,7.519484322327777,0.35774815155606504,1.4931116429365774,1.0035925939966126
CO2,4.2575,120,sklearn,216.08660777893877,216.0866077789388,2.842170943040401e-14,1.0074513340368867,3,-1,0,0.00011474806608762331,114.74806608762331,86.58170482845111,0.4468120411618985,0.3742873480707491,0.9333333333333333,0.03976479900177968,1.5818213105392058,4.544245574810292,0.36032987156809765,6.901405361029619,0.785480220400089
CO,4.6625,147,sklearn,190.88390048830507,190.88390048830507,0.0,0.8522714170394465,3,-1,0,0.00012072100888405466,120.72100888405467,92.48211988340185,0.401966660035136,0.38042026027189546,1.0,0.09113008060282259,4.713588032714594,11.340338334626425,0.06743527118944323,2.754264723150886,1.0245865851077594
SO2,7.25,176,sklearn,246.20547835221524,246.2054783522153,5.684341886080802e-14,0.9514803329948336,3,-1,0,0.00015853549393029007,158.53549393029007,115.62895544296941,0.5657301230974284,0.671112690190623,0.9666666666666667,0.13445062596956128,5.5474800364021375,10.875506797123482,0.2675235695649223,4.989537743186569,0.8266371836055717
C2H2,7.5,177,sklearn,237.70154135348534,237.70154135348537,2.842170943040401e-14,0.6936482089804485,3,-1,0,0.00017070696399791333,170.70696399791333,123.23788981393827,0.58642208557849,0.6614600266214729,0.9666666666666667,0.10764330462382547,4.254325036959764,9.183534789416456,0.48365911518327104,5.46248370339903,0.7104134606066059
PH3,10.0,187,sklearn,270.36921647755076,270.36921647755076,0.0,1.12387791601941,3,-1,0,0.00022848714096569065,228.48714096569066,187.72250366764283,0.40687719018863316,0.3291966981207919,1.0,0.1463321515269297,2.5612458945435894,6.212141881154603,0.004556121461891829,2.3206243796373074,0.672282445786287
NH3,10.5,189,sklearn,234.4421315683682,234.44213156836827,5.684341886080802e-14,0.7190612909616902,3,-1,0,0.00020099517414998746,200.99517414998746,163.43425423174716,0.3067020281159013,0.26323453245197237,1.0,0.10685880292925616,2.9095998089425357,7.493672393418382,0.09632266165843145,3.158195696590322,0.767425153530088
