replicate,framework,neg_log_likelihood,neg_log_likelihood_at_truth,native_neg_log_likelihood,objective_approximation_gap,seconds,n_inits,n_iterations,n_params_at_bound,rmse,nrmse,mae,nlpd,coverage_95,rmse_latent,noise_var,low_var,low_length_scale,discrepancy_var,discrepancy_length_scale,rho
0,sklearn,32.84314683589152,36.361965423903555,32.84314683589149,-2.842170943040401e-14,0.2442219170043245,4,-1,0,0.3962896356517274,0.7195248733268421,0.29691223022150115,0.4677963549868351,0.9166666666666666,0.3857357285488172,0.010453905698866858,0.5084324988671591,0.4108931464553798,0.10910824124959746,0.08494311387306727,0.7217540311743823
1,sklearn,16.23027379026564,17.8662564727006,16.230273790265656,1.4210854715202004e-14,0.2362305000424385,4,-1,0,0.2935689845229867,0.4095734683038877,0.23185016720505738,0.15354984046765405,0.9566666666666667,0.2787037542994887,0.004725052911552098,1.4495468300849914,0.6863560035244197,0.13342159025009137,0.2978356741894363,0.7774464329738398
2,sklearn,15.474505502186929,16.970469330651454,15.474505502186915,-1.4210854715202004e-14,0.16041641705669463,4,-1,0,0.3547209477284817,0.4733039593341659,0.2706743308634195,0.32156618571086687,0.9066666666666666,0.3335437316284595,0.012296221721908671,0.6368345963143976,0.5645200835914476,0.20502244977482317,0.4743347608251365,0.7694591452006841
3,sklearn,16.142862919096927,19.474810023220456,16.142862919096913,-1.4210854715202004e-14,0.1950668339850381,4,-1,0,0.37794628036437733,0.4691207278058753,0.28028578248881675,0.4790321324703569,0.8866666666666667,0.36314110816795653,0.011992124907970567,0.7307770811989974,0.5756744251126186,0.054106968564016256,0.335847588443518,1.0428981692381638
4,sklearn,3.723712975031688,8.944935227279288,3.723712975031688,0.0,0.24602579092606902,4,-1,0,0.36243077395562523,0.45307321642261333,0.2858581866735966,0.3290057241992242,0.9233333333333333,0.3548512486990922,0.0029965565302916084,1.1904736148542296,0.6654472876195032,0.08596203335693697,0.19961485946944793,1.0266323613107513
5,sklearn,9.688240072584719,13.171707517584835,9.688240072584705,-1.4210854715202004e-14,0.19958362495526671,4,-1,0,0.3045586782462363,0.38529277214180124,0.2428400728591739,0.2301703158746732,0.9466666666666667,0.27454552017374273,0.006130856085689454,2.015985486369621,0.8903681497993736,0.1282813013224532,0.2794772378852067,0.8232661807308472
6,sklearn,12.53847798774818,15.083048414664816,12.53847798774818,0.0,0.2226254999404773,4,-1,0,0.34197629898651755,0.5517564684100084,0.2627622289918529,0.3353809180845381,0.9166666666666666,0.3239890474020261,0.008182046603676704,0.37674573706119413,0.43087724690980783,0.1131355651094599,0.2712394343180339,0.8999119462994736
7,sklearn,26.670275432702198,31.627592443736987,26.670275432702212,1.4210854715202004e-14,0.2842097079847008,4,-1,0,0.34233892020124107,0.4142311857877526,0.2764528627487333,0.33188339841318215,0.9133333333333333,0.32530864014526845,0.004198989631966202,0.8805535448958206,0.488374549732935,0.06379426358932207,0.1979308930562767,1.0554679054281495
8,sklearn,3.8988298623071245,8.973474444386,3.8988298623071387,1.4210854715202004e-14,0.2315861249808222,4,-1,0,0.39777032126552203,0.6545002298759185,0.3102631016621352,0.5130855527899612,0.8533333333333334,0.38532578718971294,0.005739774293835964,0.7553476483111965,0.5695932442024495,0.05072739505612877,0.11778290824473277,0.9439482871253935
9,sklearn,28.511633070727555,29.486139534698864,28.511633070727555,0.0,0.25691295810975134,4,-1,0,0.28831475389045924,0.4102482327534906,0.21892857490537912,0.12892175569091005,0.98,0.2619084287521875,0.009596205607280445,0.8230899521584695,0.5220820586378017,0.11268259673551419,0.21598301174035364,0.8181923354731715
10,sklearn,23.76083850846227,26.13706510177998,23.760838508462257,-1.4210854715202004e-14,0.19616558402776718,4,-1,0,0.2819580429173286,0.4959735046575093,0.22226335615783877,0.13568227684247045,0.95,0.2729706944615123,0.009454308715867128,1.4981438482163463,0.6919641467356965,0.07318478863475988,0.17741288537079247,0.6212441187040505
11,sklearn,11.255453487691085,17.43830454847317,11.255453487691085,0.0,0.22954254096839577,4,-1,0,0.27455330249037735,0.38137222970128837,0.21209430033247573,0.11169411390093084,0.9533333333333334,0.2615383175738623,0.007517797649874913,3.351211075795361,1.0792765935151742,0.09705846118721503,0.2458272518721124,0.8518495724657961
12,sklearn,4.2611850116364565,9.694809071642354,4.261185011636442,-1.4210854715202004e-14,0.21293924993369728,4,-1,0,0.33907500914180777,0.4309054427720862,0.2742885953176439,0.36560065359155464,0.8866666666666667,0.3202031594532509,0.01119995779391814,0.9415765270535359,0.7527125738925247,0.053431114217311323,0.16206375893624875,0.8988084815349477
13,sklearn,33.76026795741144,35.72768710687721,33.76026795741146,1.4210854715202004e-14,0.2594879580428824,4,-1,0,0.3447387317045007,0.42832264554260063,0.2688377496556518,0.31256180356555885,0.92,0.31928391013373425,0.018014604772542707,1.0002598208222808,0.5924599528444443,0.0961125011199018,0.28010033779998306,0.7911378848659806
14,sklearn,34.70857364849094,36.905654424478755,34.708573648490926,-1.4210854715202004e-14,0.3086189579917118,4,-1,0,0.27631576710199424,0.43476204520477574,0.2138854294036561,0.10676967489938657,0.96,0.25322323360017485,0.012801323108526181,0.8969946441191281,0.5263770462028737,0.26083244121741345,0.49383502711398375,0.7334367816987459
15,sklearn,35.577432746447315,40.397949309967686,35.577432746447315,0.0,0.2043758750660345,4,-1,0,0.27539805176510457,0.2630948391124821,0.21555358379299305,0.10935052114020906,0.98,0.2635569626169894,0.009361591708606011,2.488733833574463,0.7898079648416372,0.4005125857589749,0.5964875095845455,0.8364853080834893
16,sklearn,25.334652633825442,27.710869590257417,25.3346526338254,-4.263256414560601e-14,0.2613498339196667,4,-1,0,0.29090523252164574,0.3430917012306775,0.242928978276308,0.21249638166016335,0.9666666666666667,0.2732933529944882,0.008460661722425527,1.118440843963474,0.6396701954403825,0.4208650643396751,0.5623360112840334,0.8623128038495834
17,sklearn,22.510612756697157,23.5963816179315,22.510612756697128,-2.842170943040401e-14,0.4004449170315638,4,-1,0,0.2604470863710975,0.35238761743184527,0.2102729921499781,0.06704538934300075,0.96,0.22596256210505697,0.006688300628350449,1.399088592031874,0.6821052172333835,0.1631735209193922,0.4477249608216967,0.9310582070649918
18,sklearn,17.194629063024237,20.30402586751235,17.194629063024237,0.0,0.5475174159510061,4,-1,0,0.30921648725624096,0.3872022193513485,0.2559223316926139,0.2520010508878242,0.9233333333333333,0.28547542768782375,0.0032683519212672856,1.1934574370576072,0.6337762712965712,0.06604057831514586,0.22331524243745537,0.8735482536529949
19,sklearn,18.413993883040106,29.281567366603767,18.413993883040106,0.0,0.35171537508722395,4,-1,0,0.34015840588247664,0.42875441633405437,0.2544155954399399,0.3110492726985765,0.92,0.32638687158100915,0.02972295251391128,1.405155171136301,1.0547538164863044,0.035101558162726955,0.12912059882866123,1.0372946035421091
20,sklearn,19.755540262748468,21.071664654125556,19.755540262748468,0.0,0.2677905419841409,4,-1,0,0.34828112937929656,0.5957710765325954,0.27040954153768176,0.3050379243619521,0.96,0.3266827465035276,0.013816340114347842,0.7278001925119164,0.5793395827377499,0.12706513587213672,0.26276357677541395,0.8366790523626744
21,sklearn,25.851404672049185,27.136308126887002,25.8514046720492,1.4210854715202004e-14,0.2586871669627726,4,-1,0,0.3494114533894066,0.4536148523007656,0.2646858610528798,0.25193310536307995,0.9466666666666667,0.34150864850449375,0.012035484230991707,0.6259401326931152,0.4968591863662455,0.20953423801835253,0.49639812904890696,0.8584480046264112
22,sklearn,13.960335205942911,22.723849225123175,13.960335205942897,-1.4210854715202004e-14,0.3109576250426471,4,-1,1,0.32583509165424507,0.45282128550058753,0.2700121625360464,0.3242662265884728,0.98,0.309076135252998,0.012531265654214443,0.8415353675573616,0.659076948660037,0.08998378388645291,0.010000000000000005,1.1239571547300862
23,sklearn,19.55375030483124,22.937459406165928,19.553750304831212,-2.842170943040401e-14,0.3004947080044076,4,-1,0,0.33231375484748654,0.4002463601988199,0.25800625984867415,0.26300886151290426,0.94,0.3110511547285739,0.010270050070264809,2.4127739646610507,0.9291586487400376,0.26007103871483916,0.5502771473644964,0.9887268375487019
24,sklearn,15.875599540716252,20.157582646910797,15.875599540716223,-2.842170943040401e-14,0.3641665419563651,4,-1,0,0.2961106657753898,0.32231158282595146,0.23743486420822782,0.19121479060795893,0.94,0.28584808466200623,0.00965664478009273,3.028105252331756,0.9890759773718993,0.06477056435616496,0.22250163538404583,0.8680490308559454
