species,neg_log_likelihood_sklearn,neg_log_likelihood_gpboost_exact,neg_log_likelihood_gpboost_vecchia,seconds_sklearn,seconds_gpboost_exact,seconds_gpboost_vecchia,nrmse_sklearn,nrmse_gpboost_exact,nrmse_gpboost_vecchia,rmse_ppm_sklearn,rmse_ppm_gpboost_exact,rmse_ppm_gpboost_vecchia,nlpd_standardised_sklearn,nlpd_standardised_gpboost_exact,nlpd_standardised_gpboost_vecchia,rho_sklearn,rho_gpboost_exact,rho_gpboost_vecchia,n_params_at_bound_sklearn,n_params_at_bound_gpboost_exact,n_params_at_bound_gpboost_vecchia,objective_approximation_gap_sklearn,objective_approximation_gap_gpboost_exact,objective_approximation_gap_gpboost_vecchia,wavelength,best_neg_log_likelihood,nll_gap_sklearn,nll_gap_gpboost_exact,nll_gap_gpboost_vecchia,winner,material_winner,optimiser_difference,vecchia_cost,max_log_param_spread
H2O,182.26825099837131,182.26825099595737,184.43025733714774,0.9449037079466507,2.1071201669983566,16.00331020797603,0.44061011235192216,0.440609650343215,0.4478071250285937,32.91974034555373,32.919705827038946,33.4574578920599,0.36731298697159886,0.36731404145985297,0.3943124123699873,0.7733093502561107,0.7733095216324978,0.7895325257451723,0.0,0.0,0.0,0.0,2.8421709430404007e-13,7.038014824849824,2.6975000000000002,182.26825099595737,2.4139410470525036e-09,0.0,2.162006341190363,tie,tie,2.4139410470525036e-09,2.162006341190363,1.4681498887547364
HCN,266.2978021907338,266.2978022097782,267.5370716038374,0.7323219169629738,1.4711148330243304,16.786480083013885,0.45036702499529735,0.4503573689774246,0.47727113353907213,37.12184334743916,37.12104744284816,39.33943488353116,0.39923374142765183,0.3992124684861346,0.4594790914729537,0.5804195647317202,0.5803889010578773,0.6929392154461759,0.0,0.0,0.0,0.0,-1.7053025658242404e-13,2.3764509584132725,2.9975,266.2978021907338,0.0,1.904436430777423e-08,1.2392694131035569,tie,tie,-1.904436430777423e-08,1.2392693940591926,1.8666453540077257
CH4,203.54632080549058,203.546322078708,204.45442553505615,0.6958641660166904,1.141900666989386,15.441389332991093,0.46251651622622075,0.4625247935781189,0.4885579892326407,59.860723223542145,59.861794511277,63.23111401669644,0.7906439519033425,0.7906804577509862,0.8325245769127377,1.0826082903646737,1.0825479845510042,1.0329614963913385,0.0,0.0,0.0,8.526512829121202e-14,-2.9558577807620168e-12,23.704344544015015,3.3125,203.54632080549058,0.0,1.2732174070606561e-06,0.9081047295655651,tie,tie,-1.2732174070606561e-06,0.908103456348158,0.46318947102567865
H2S,223.81976068574787,223.8197606834545,226.18295372476751,0.6909992089495063,1.2784336250042543,16.156156040960923,0.5292918466268669,0.5292922939443198,0.5557460359435359,191.25058914946496,191.25075078000387,200.80935965486276,0.838415338869734,0.8384153567774537,0.8799524973045099,1.0035925939966126,1.0035876045224614,0.9598620854108235,0.0,0.0,0.0,-2.842170943040401e-14,-1.1368683772161603e-13,4.44525626390984,3.8525,223.8197606834545,2.2933761556487298e-09,0.0,2.363193041313025,tie,tie,2.2933761556487298e-09,2.363193041313025,0.5958281820560747
CO2,216.08660777893877,216.08660788474873,220.1657629250251,1.0074513340368867,1.7241033340105787,21.330764082958922,0.4468120411618985,0.44681463882203304,0.4423598050157734,114.74806608762331,114.74873320589529,113.60466474551816,0.3742873480707491,0.374294066948928,0.3545620953103038,0.785480220400089,0.7854721043286527,0.9403753146355153,0.0,0.0,0.0,2.842170943040401e-14,1.4210854715202004e-13,5.7988648102211755,4.2575,216.08660777893877,0.0,1.0580995990494557e-07,4.079155146086322,tie,tie,-1.0580995990494557e-07,4.079155040276362,2.101352028318301
CO,190.88390048830507,190.8839004885779,191.81940200550116,0.8522714170394465,1.66435762506444,19.80121791595593,0.401966660035136,0.401966840258138,0.3979044107835141,120.72100888405467,120.72106300969438,119.50101012109398,0.38042026027189546,0.38042071496032354,0.35747517253160144,1.0245865851077594,1.0245876877544262,1.0074397994810846,0.0,0.0,0.0,0.0,-7.389644451905042e-13,11.075873575060285,4.6625,190.88390048830507,0.0,2.7281998882244807e-10,0.9355015171960872,tie,tie,-2.7281998882244807e-10,0.9355015169232672,0.6500968581836211
SO2,246.20547835221524,246.20547839420422,246.98271039923588,0.9514803329948336,1.4622021249961108,17.42463595792651,0.5657301230974284,0.565729909569319,0.5752040407244622,158.53549393029007,158.53543409295258,161.19038563418835,0.671112690190623,0.6711120970643834,0.6884724423889852,0.8266371836055717,0.8266192822238412,0.8690572509176261,0.0,0.0,0.0,5.684341886080802e-14,2.4726887204451486e-12,12.228569565221392,7.25,246.20547835221524,0.0,4.198898295726394e-08,0.7772320470206466,tie,tie,-4.198898295726394e-08,0.7772320050316637,0.6216518250424183
C2H2,237.70154135348534,237.70154145260514,239.01518216430566,0.6936482089804485,1.337949457927607,13.185335790971294,0.58642208557849,0.5864204354340768,0.6086894631860277,170.70696399791333,170.70648364229595,177.18897843948758,0.6614600266214729,0.6614571188093276,0.7133635991636466,0.7104134606066059,0.7104571549271702,0.7835092059886046,0.0,0.0,0.0,2.842170943040401e-14,1.1084466677857563e-12,9.285761500992322,7.5,237.70154135348534,0.0,9.91198021438322e-08,1.313640810820317,tie,tie,-9.91198021438322e-08,1.3136407117005149,0.7341589921752952
PH3,270.36921647755076,270.3692183156195,271.415907665361,1.12387791601941,2.571623916970566,20.197978082927875,0.40687719018863316,0.40685902393465845,0.4236246767646589,228.48714096569066,228.4769394711542,237.89190834609698,0.3291966981207919,0.32914613994141834,0.3282432493072739,0.672282445786287,0.6723717269860077,0.6623482180824419,0.0,0.0,0.0,0.0,2.9558577807620168e-12,7.549645496377423,10.0,270.36921647755076,0.0,1.83806872655623e-06,1.046691187810211,tie,tie,-1.83806872655623e-06,1.0466893497414844,4.324697813453173
NH3,234.4421315683682,234.44213167927072,236.07083063621852,0.7190612909616902,1.2301566660171375,14.273259249981493,0.3067020281159013,0.30670096664180063,0.31186548525699875,200.99517414998746,200.99447851985735,204.3790121169758,0.26323453245197237,0.2632292877965986,0.2121849506675167,0.767425153530088,0.7674225453915426,0.7804459941382574,0.0,0.0,0.0,5.684341886080802e-14,-9.663381206337363e-13,3.9604772138469286,10.5,234.4421315683682,0.0,1.109025049572665e-07,1.628699067850306,tie,tie,-1.109025049572665e-07,1.628698956947801,0.5086435629953625
