species,wavelength,parameter,gpboost_exact,gpboost_vecchia,sklearn,log_spread
H2O,2.6975000000000002,discrepancy_length_scale,5.247483991176911,11.023852356956462,5.247344406867776,0.7423391999410819
H2O,2.6975000000000002,discrepancy_var,0.048514607231498676,0.011175445778785187,0.04851480063774559,1.4681498887547364
H2O,2.6975000000000002,low_length_scale,4.29836332983652,4.6614041211486,4.298385829384875,0.08108238702622562
H2O,2.6975000000000002,low_var,1.4095084888579978,1.5645988352371356,1.409529236863147,0.1043884016646364
H2O,2.6975000000000002,noise_var,0.026738235167168504,0.03421370612136273,0.026738163200994685,0.24653444931455995
H2O,2.6975000000000002,rho,0.7733095216324978,0.7895325257451723,0.7733093502561107,
HCN,2.9975,discrepancy_length_scale,7.906516111296148,4.071635595996407,7.905354293261471,0.6636424586410852
HCN,2.9975,discrepancy_var,0.3520262624024818,0.05443789049751045,0.3518984664523535,1.8666453540077257
HCN,2.9975,low_length_scale,3.5483976937323725,4.4319040991681335,3.5485159663286288,0.2223331632182363
HCN,2.9975,low_var,1.1295533359103824,1.511650437773459,1.1296052208081433,0.2913797824536808
HCN,2.9975,noise_var,0.08689876110627924,0.10254447144104907,0.08690109962790293,0.16555279657745342
HCN,2.9975,rho,0.5803889010578773,0.6929392154461759,0.5804195647317202,
CH4,3.3125,discrepancy_length_scale,1.8496178852520189,1.8752479534049382,1.8499543367115723,0.01376182325143355
CH4,3.3125,discrepancy_var,0.4110008956524306,0.44154233338123555,0.410956697243561,0.07178605135470607
CH4,3.3125,low_length_scale,16.037472097834925,12.254930730277808,16.04466614011899,0.2694481020244991
CH4,3.3125,low_var,16.35319357567371,10.302540255434717,16.37212121816326,0.46318947102567865
CH4,3.3125,noise_var,0.05224176682564499,0.03989614351101853,0.05224920483893035,0.26974500697009424
CH4,3.3125,rho,1.0825479845510042,1.0329614963913385,1.0826082903646737,
H2S,3.8525,discrepancy_length_scale,1.4930900465630708,2.013861980122976,1.4931116429365774,0.2992064324824339
H2S,3.8525,discrepancy_var,0.3577455898492427,0.431262419181163,0.35774815155606504,0.18689467513701247
H2S,3.8525,low_length_scale,7.519415936739765,9.140357633040747,7.519484322327777,0.1952110460833026
H2S,3.8525,low_var,3.027525609774743,5.493545389445117,3.0275416130492774,0.5958281820560747
H2S,3.8525,noise_var,0.05409371205233166,0.0358851328682922,0.05409545335075786,0.41042705725623574
H2S,3.8525,rho,1.0035876045224614,0.9598620854108235,1.0035925939966126,
CO2,4.2575,discrepancy_length_scale,6.899994410344748,8.617754402115647,6.901405361029619,0.22230393903360432
CO2,4.2575,discrepancy_var,0.360211397788966,0.044065091520278224,0.36032987156809765,2.101352028318301
CO2,4.2575,low_length_scale,4.544289867321607,5.562616061716298,4.544245574810292,0.2022067885915319
CO2,4.2575,low_var,1.581887989968553,2.08207363967268,1.5818213105392058,0.2747874278995252
CO2,4.2575,noise_var,0.03976256630816828,0.06222527923342448,0.03976479900177968,0.447835411043802
CO2,4.2575,rho,0.7854721043286527,0.9403753146355153,0.785480220400089,
CO,4.6625,discrepancy_length_scale,2.754248594174712,2.194321686134058,2.754264723150886,0.22727754688508786
CO,4.6625,discrepancy_var,0.06743514253736334,0.03520088886990083,0.06743527118944323,0.6500968581836211
CO,4.6625,low_length_scale,11.340306033195969,13.063816142304983,11.340338334626425,0.14148299696521777
CO,4.6625,low_var,4.713556873352665,7.474944210594863,4.713588032714594,0.4611138579465405
CO,4.6625,noise_var,0.0911300078362199,0.08644728564119823,0.09113008060282259,0.05275312937271579
CO,4.6625,rho,1.0245876877544262,1.0074397994810846,1.0245865851077594,
SO2,7.25,discrepancy_length_scale,4.989933670785664,4.7067031888530115,4.989537743186569,0.058434914209159576
SO2,7.25,discrepancy_var,0.26753112843144994,0.17824809412648987,0.2675235695649223,0.4060595604341318
SO2,7.25,low_length_scale,10.87485652531763,13.4265798316733,10.875506797123482,0.2107829279948295
SO2,7.25,low_var,5.546821372381836,10.328188069319294,5.5474800364021375,0.6216518250424183
SO2,7.25,noise_var,0.13444988404475416,0.12729090040637733,0.13445062596956128,0.05472201696472715
SO2,7.25,rho,0.8266192822238412,0.8690572509176261,0.8266371836055717,
C2H2,7.5,discrepancy_length_scale,5.461992685346483,6.90955297000525,5.46248370339903,0.23509125862834895
C2H2,7.5,discrepancy_var,0.4835255987138229,0.5087846468464111,0.48365911518327104,0.0509205782561225
C2H2,7.5,low_length_scale,9.184475303460815,12.207841505183744,9.183534789416456,0.28466630776105956
C2H2,7.5,low_var,4.2552518726634,8.864859702557313,4.254325036959764,0.7341589921752952
C2H2,7.5,noise_var,0.10764733451466044,0.1014950983149916,0.10764330462382547,0.058849957988536095
C2H2,7.5,rho,0.7104571549271702,0.7835092059886046,0.7104134606066059,
PH3,10.0,discrepancy_length_scale,2.3220798893989865,175.3061882254224,2.3206243796373074,4.324697813453173
PH3,10.0,discrepancy_var,0.004521252421637228,0.009866399552761172,0.004556121461891829,0.7803459600438025
PH3,10.0,low_length_scale,6.212226871853855,6.866215194080126,6.212141881154603,0.1001072916543235
PH3,10.0,low_var,2.5615350261567196,3.526453987221645,2.5612458945435894,0.31979901220429097
PH3,10.0,noise_var,0.14633142951950628,0.13198238398530945,0.1463321515269297,0.10321058922492506
PH3,10.0,rho,0.6723717269860077,0.6623482180824419,0.672282445786287,
NH3,10.5,discrepancy_length_scale,3.158399529832538,4.205572028539474,3.158195696590322,0.28640943706263533
NH3,10.5,discrepancy_var,0.09630653327795535,0.06188454730202923,0.09632266165843145,0.4424331058590818
NH3,10.5,low_length_scale,7.494445157041512,9.01588304731663,7.493672393418382,0.18492882140581232
NH3,10.5,low_var,2.9101399073916023,4.838763011957071,2.9095998089425357,0.5086435629953625
NH3,10.5,noise_var,0.10686605776345506,0.09725353201444088,0.10685880292925616,0.09425495295324816
NH3,10.5,rho,0.7674225453915426,0.7804459941382574,0.767425153530088,
