replicate,neg_log_likelihood_sklearn,neg_log_likelihood_gpboost_exact,neg_log_likelihood_gpboost_vecchia,seconds_sklearn,seconds_gpboost_exact,seconds_gpboost_vecchia,rmse_latent_sklearn,rmse_latent_gpboost_exact,rmse_latent_gpboost_vecchia,nlpd_sklearn,nlpd_gpboost_exact,nlpd_gpboost_vecchia,objective_approximation_gap_sklearn,objective_approximation_gap_gpboost_exact,objective_approximation_gap_gpboost_vecchia,nll_at_truth,best_neg_log_likelihood,nll_gap_sklearn,nll_gap_gpboost_exact,nll_gap_gpboost_vecchia,winner,material_winner,optimiser_difference,vecchia_cost
0,32.84314683589152,32.84314684442724,32.86982471456663,0.2442219170043245,0.18496304203290492,4.5072947080479935,0.3857357285488172,0.38573452570913563,0.3857144564720297,0.4677963549868351,0.46779332471045926,0.46805863366225264,-2.842170943040401e-14,-1.2789769243681803e-12,-0.6013273652430371,36.361965423903555,32.84314683589152,0.0,8.535721462976653e-09,0.026677878675116062,tie,tie,-8.535721462976653e-09,0.0266778701393946
1,16.23027379026564,16.230273790645455,16.285755739012302,0.2362305000424385,0.17645000002812594,4.272024417063221,0.2787037542994887,0.278703470442789,0.2799045852364279,0.15354984046765405,0.1535490741836081,0.1556653053761606,1.4210854715202004e-14,1.2789769243681803e-12,0.057770480434125915,17.8662564727006,16.23027379026564,0.0,3.7981351397320395e-10,0.05548194874666024,tie,tie,-3.7981351397320395e-10,0.05548194836684672
2,15.474505502186929,15.47450551040636,15.479777107440967,0.16041641705669463,0.13030779105611145,5.489225458004512,0.3335437316284595,0.3335438500127959,0.3334173650775261,0.32156618571086687,0.3215664755382404,0.31707015156415186,-1.4210854715202004e-14,1.2327916465437738e-12,0.095497903543869,16.970469330651454,15.474505502186929,0.0,8.219430469580402e-09,0.005271605254037581,tie,tie,-8.219430469580402e-09,0.005271597034607112
3,16.142862919096927,16.142862920072645,16.161590583945028,0.1950668339850381,0.18531533295754343,4.375458166003227,0.36314110816795653,0.363140876809275,0.3625591364153076,0.4790321324703569,0.4790314526241024,0.4808352690626644,-1.4210854715202004e-14,-4.156675004196586e-13,-0.16489870183346156,19.474810023220456,16.142862919096927,0.0,9.757172847457696e-10,0.01872766484810029,tie,tie,-9.757172847457696e-10,0.018727663872383005
4,3.723712975031688,3.723712974807526,3.7281776473866017,0.24602579092606902,0.2174649169901386,4.943936167052016,0.3548512486990922,0.3548514652272289,0.3555633181456488,0.3290057241992242,0.32900667928890215,0.33243435287239387,0.0,2.3092638912203256e-13,-0.015652780381014253,8.944935227279288,3.723712974807526,2.241620222775964e-10,0.0,0.004464672579075568,tie,tie,2.241620222775964e-10,0.004464672579075568
5,9.688240072584719,9.688240072740797,9.697205694615192,0.19958362495526671,0.1570388749241829,4.470328042050824,0.27454552017374273,0.2745455936899037,0.27418910930858015,0.2301703158746732,0.23017037503352034,0.23041580705580197,-1.4210854715202004e-14,-3.765876499528531e-13,0.28175255613274075,13.171707517584835,9.688240072584719,0.0,1.560778173370636e-10,0.008965622030473241,tie,tie,-1.560778173370636e-10,0.008965621874395424
6,12.53847798774818,12.538477988392856,12.557396701285015,0.2226254999404773,0.16618933307472616,5.135801582946442,0.3239890474020261,0.3239883617046805,0.33033032304166776,0.3353809180845381,0.33537990187272054,0.3489670777202235,0.0,-6.572520305780927e-13,0.11143280307798165,15.083048414664816,12.53847798774818,0.0,6.446754241551389e-10,0.018918713536834275,tie,tie,-6.446754241551389e-10,0.01891871289215885
7,26.670275432702198,26.67027543576434,26.671725123592182,0.2842097079847008,0.23964991699904203,5.709179541096091,0.32530864014526845,0.32530814761824434,0.32531889581462486,0.33188339841318215,0.33188120957704775,0.3314402499549443,1.4210854715202004e-14,4.583000645652646e-13,0.019452715967354095,31.627592443736987,26.670275432702198,0.0,3.0621407631770126e-09,0.0014496908899843675,tie,tie,-3.0621407631770126e-09,0.0014496878278436043
8,3.8988298623071245,3.8988298700128183,3.936175079738163,0.2315861249808222,0.21083541598636657,5.070185041986406,0.38532578718971294,0.38532679794785774,0.38453602902667716,0.5130855527899612,0.5130887982960967,0.5135380253952108,1.4210854715202004e-14,1.1688428003253648e-12,-0.2716673618877259,8.973474444386,3.8988298623071245,0.0,7.705693860771134e-09,0.03734521743103869,tie,tie,-7.705693860771134e-09,0.03734520972534483
9,28.511633070727555,28.511633076199516,28.536226876821203,0.25691295810975134,0.1536981250392273,4.145985250012018,0.2619084287521875,0.2619092878689906,0.2608345761594986,0.12892175569091005,0.1289277901736121,0.12117838647880001,0.0,7.531752999057062e-13,0.49413820025412036,29.486139534698864,28.511633070727555,0.0,5.4719606623621075e-09,0.02459380609364814,tie,tie,-5.4719606623621075e-09,0.02459380062168748
10,23.76083850846227,23.760838509246753,23.769195004656424,0.19616558402776718,0.15068404097110033,4.459232208086178,0.2729706944615123,0.2729713197762651,0.2734333660558924,0.13568227684247045,0.13568392490525297,0.1374097558469154,-1.4210854715202004e-14,1.5276668818842154e-13,-0.29488253742569626,26.13706510177998,23.76083850846227,0.0,7.844818128432962e-10,0.008356496194153351,tie,tie,-7.844818128432962e-10,0.008356495409671538
11,11.255453487691085,11.255453487707655,11.285277327923566,0.22954254096839577,0.1582625829614699,4.385299374931492,0.2615383175738623,0.26153839532600454,0.26084726825158816,0.11169411390093084,0.1116942148358315,0.10842592506988803,0.0,-2.7178259642823832e-12,-0.2746334983926104,17.43830454847317,11.255453487691085,0.0,1.6569856597925536e-11,0.029823840232481302,tie,tie,-1.6569856597925536e-11,0.029823840215911446
12,4.2611850116364565,4.261185011589049,4.298134522194246,0.21293924993369728,0.19679337507113814,4.860276084044017,0.3202031594532509,0.32020314435451785,0.31853328748725096,0.36560065359155464,0.36560046330415785,0.3580926258243483,-1.4210854715202004e-14,1.6697754290362354e-13,-0.9061665929381348,9.694809071642354,4.261185011589049,4.7407411329913884e-11,0.0,0.03694951060519713,tie,tie,4.7407411329913884e-11,0.03694951060519713
13,33.76026795741144,33.760267958298996,33.77924416449642,0.2594879580428824,0.2286358749261126,6.6369918750133365,0.31928391013373425,0.3192858206058536,0.3265088058562782,0.31256180356555885,0.3125673125452778,0.3326691581295758,1.4210854715202004e-14,4.973799150320701e-13,0.15570567489062626,35.72768710687721,33.76026795741144,0.0,8.875531420926563e-10,0.018976207084975272,tie,tie,-8.875531420926563e-10,0.01897620619742213
14,34.70857364849094,34.70857364933143,34.76879332746809,0.3086189579917118,0.1481605840381235,4.700070166029036,0.25322323360017485,0.2532238134936124,0.25544561429689655,0.10676967489938657,0.10677059845929951,0.10943298997479817,-1.4210854715202004e-14,6.394884621840902e-14,0.5421989753992165,36.905654424478755,34.70857364849094,0.0,8.404867912759073e-10,0.060219678977148305,tie,tie,-8.404867912759073e-10,0.060219678136661514
15,35.577432746447315,35.57743274639979,35.79243685332007,0.2043758750660345,0.16588724998291582,6.056693832972087,0.2635569626169894,0.2635568377561803,0.27708534215992214,0.10935052114020906,0.10935066877827654,0.11580933797984767,0.0,2.7000623958883807e-13,-0.2121467753707691,40.397949309967686,35.57743274639979,4.75210981676355e-11,0.0,0.21500410692027572,tie,tie,4.75210981676355e-11,0.21500410692027572
16,25.334652633825442,25.33465263386185,25.454414082029615,0.2613498339196667,0.16138233407400548,7.916183624998666,0.2732933529944882,0.27329340059128254,0.2754334793942111,0.21249638166016335,0.21249648227119228,0.22100307850830112,-4.263256414560601e-14,4.583000645652646e-13,0.6389676321944826,27.710869590257417,25.334652633825442,0.0,3.6408209780347534e-11,0.1197614482041729,tie,tie,-3.6408209780347534e-11,0.11976144816776468
17,22.510612756697157,22.510612757002647,22.689167154117357,0.4004449170315638,0.22359329089522362,6.037657458917238,0.22596256210505697,0.22596201235899288,0.21544352889588256,0.06704538934300075,0.06704431973539524,0.055562400584313255,-2.842170943040401e-14,2.1316282072803006e-13,0.5893454928765891,23.5963816179315,22.510612756697157,0.0,3.0549074381269747e-10,0.17855439742019996,tie,tie,-3.0549074381269747e-10,0.17855439711470922
18,17.194629063024237,17.194629064152068,17.224908130651755,0.5475174159510061,0.4619392080930993,9.151168458047323,0.28547542768782375,0.28547520113427266,0.28351269498184506,0.2520010508878242,0.2520001706512555,0.2527630280217889,0.0,2.0961010704922955e-13,-0.2507328949574479,20.30402586751235,17.194629063024237,0.0,1.1278302736172918e-09,0.030279067627517975,tie,tie,-1.1278302736172918e-09,0.0302790664996877
19,18.413993883040106,18.413993894012748,18.419643760747434,0.35171537508722395,0.35593141592107713,7.793389833997935,0.32638687158100915,0.32638645223760593,0.3268365577198118,0.3110492726985765,0.3110464902802274,0.31431132357782277,0.0,4.831690603168681e-13,0.3591680143935889,29.281567366603767,18.413993883040106,0.0,1.0972641462103638e-08,0.005649877707327278,tie,tie,-1.0972641462103638e-08,0.005649866734685816
20,19.755540262748468,19.755540262751296,19.785322429497285,0.2677905419841409,0.17864675004966557,4.480595084023662,0.3266827465035276,0.3266827170807759,0.3245466877431615,0.3050379243619521,0.30503786079233197,0.30148392574505345,0.0,-6.750155989720952e-14,0.8821755565596447,21.071664654125556,19.755540262748468,0.0,2.8279600883251987e-12,0.029782166748816508,tie,tie,-2.8279600883251987e-12,0.029782166745988548
21,25.851404672049185,25.851404672094745,25.86111823298816,0.2586871669627726,0.1538232919992879,5.182047667098232,0.34150864850449375,0.34150863477703614,0.3430375862410755,0.25193310536307995,0.25193307073665433,0.25567277001191485,1.4210854715202004e-14,-1.4566126083082054e-13,-0.2946520925900309,27.136308126887002,25.851404672049185,0.0,4.5560000216937624e-11,0.009713560938976684,tie,tie,-4.5560000216937624e-11,0.009713560893416684
22,13.960335205942911,13.960333813170266,13.965338863150052,0.3109576250426471,0.3113467500079423,6.928776917047799,0.309076135252998,0.30910047691740744,0.3092942759497226,0.3242662265884728,0.32434448055448856,0.32518148116412543,-1.4210854715202004e-14,-5.993427976136445e-12,-0.21728119271058688,22.723849225123175,13.960333813170266,1.3927726456586242e-06,0.0,0.005005049979786236,tie,tie,1.3927726456586242e-06,0.005005049979786236
23,19.55375030483124,19.55375030473992,19.804136719837345,0.3004947080044076,0.19187691702973098,4.938614915939979,0.3110511547285739,0.31105077247329865,0.31646827932878774,0.26300886151290426,0.26300687429095315,0.30559409305531027,-2.842170943040401e-14,-4.476419235288631e-13,-0.2977921265231558,22.937459406165928,19.55375030473992,9.131895239988808e-11,0.0,0.25038641509742376,tie,tie,9.131895239988808e-11,0.25038641509742376
24,15.875599540716252,15.875599540897184,15.91380091823531,0.3641665419563651,0.2865721669513732,6.634047834086232,0.28584808466200623,0.28584802319958197,0.28532315307517114,0.19121479060795893,0.19121456913563206,0.19002076639459484,-2.842170943040401e-14,-1.836752971939859e-12,-1.0869958357403675,20.157582646910797,15.875599540716252,0.0,1.809326022339519e-10,0.03820137751905861,tie,tie,-1.809326022339519e-10,0.03820137733812601
