parameter,framework,true_value,median_estimate,mean_estimate,std_estimate,bias,rmse,median_abs_log_ratio,median_log_ratio
noise_var,gpboost_exact,0.01,0.009596064077558399,0.010044495684048143,0.005438472771161477,4.449568404814308e-05,0.005328779082046573,0.22574368275616358,-0.04123207051092232
noise_var,gpboost_vecchia,0.01,0.010289965893476572,0.010265328024817874,0.005497615292874235,0.0002653280248178739,0.005393071658420703,0.20784831612120105,0.028584142315474046
noise_var,sklearn,0.01,0.009596205607280445,0.010044454775129587,0.005438486055206896,4.445477512958658e-05,0.005328791755811489,0.22564168072613683,-0.041217321893445284
low_var,gpboost_exact,1.0,1.000270652110093,1.2918797748218327,0.7855629969060308,0.2918797748218327,0.823175956994438,0.3358244229654602,0.0002706154904179918
low_var,gpboost_vecchia,1.0,0.963708083745222,1.3105210971963275,0.8500656595901449,0.3105210971963275,0.8888928576571319,0.35449350103670274,-0.03696684792180516
low_var,sklearn,1.0,1.0002598208222808,1.291880147745666,0.7855586496152931,0.29188014774566606,0.8231721065208772,0.33582101893347704,0.0002597870746963989
low_length_scale,gpboost_exact,0.6,0.6396702913079105,0.6760236860102828,0.1860542593479477,0.07602368601028286,0.197512381280878,0.1390968493523081,0.06402321856061086
low_length_scale,gpboost_vecchia,0.6,0.6460655005082678,0.6815438721816708,0.19407711187076596,0.0815438721816708,0.2069026133918916,0.14803572908361012,0.07397123740208071
low_length_scale,sklearn,0.6,0.6396701954403825,0.6760240127180279,0.1860510449737136,0.07602401271802794,0.1975096002530744,0.13910487923264572,0.06402306869037844
discrepancy_var,gpboost_exact,0.15,0.10910563536127742,0.13895811060870955,0.1025811220791907,-0.011041889391290444,0.1011132754096824,0.5503040651392289,-0.31831874941726473
discrepancy_var,gpboost_vecchia,0.15,0.10697476251426305,0.1495773340241983,0.131872548522941,-0.00042266597580170595,0.1292088732955485,0.5863220082430483,-0.33804235180740244
discrepancy_var,sklearn,0.15,0.10910824124959746,0.13895919118915226,0.10258136325174935,-0.011040808810847735,0.10111339229954434,0.550319525426198,-0.31829486561701664
discrepancy_length_scale,gpboost_exact,0.35,0.26276361500421364,0.29336493958181287,0.16081962612502687,-0.05663506041818711,0.16743943421334592,0.452474186156365,-0.2866783287359926
discrepancy_length_scale,gpboost_vecchia,0.35,0.25127056855701785,0.3070387012294607,0.19641034330467771,-0.04296129877053928,0.19717914502003106,0.3825613731087861,-0.33140283355736844
discrepancy_length_scale,sklearn,0.35,0.26276357677541395,0.2934061421867034,0.1607454680905075,-0.056593857813296566,0.16735712125082258,0.4524889011250046,-0.28667847422342047
rho,gpboost_exact,0.85,0.8623120460681715,0.879681485366119,0.11885507874278596,0.02968148536611903,0.12017678281088587,,
rho,gpboost_vecchia,0.85,0.8671633278257087,0.8778546599899469,0.12124174110414533,0.02785465998994696,0.12201417736345876,,
rho,sklearn,0.85,0.8623128038495834,0.8796805156216547,0.11885243047549944,0.029680515621654746,0.12017402892598457,,
