replicate,framework,parameter,predicted,actual,error,relative_error,log_ratio
0,gpboost_exact,discrepancy_length_scale,0.08494577687363458,0.35,-0.2650542231263654,-0.757297780361044,-1.4159200206838374
1,gpboost_exact,discrepancy_length_scale,0.2978387885656259,0.35,-0.05216121143437408,-0.14903203266964024,-0.1613807923271291
2,gpboost_exact,discrepancy_length_scale,0.47434055404017417,0.35,0.12434055404017419,0.35525872582906914,0.3039923776759113
3,gpboost_exact,discrepancy_length_scale,0.3358530157797151,0.35,-0.014146984220284875,-0.04041995491509964,-0.04125954326731044
4,gpboost_exact,discrepancy_length_scale,0.1996144808478976,0.35,-0.15038551915210238,-0.4296729118631497,-0.5615452438995073
5,gpboost_exact,discrepancy_length_scale,0.2794757156965335,0.35,-0.07052428430346647,-0.20149795515276134,-0.2250177504696869
6,gpboost_exact,discrepancy_length_scale,0.27124200896688505,0.35,-0.07875799103311493,-0.22502283152318553,-0.254921710092662
7,gpboost_exact,discrepancy_length_scale,0.1979285126517852,0.35,-0.15207148734821477,-0.4344899638520422,-0.5700272361953674
8,gpboost_exact,discrepancy_length_scale,0.11777746427716991,0.35,-0.23222253572283008,-0.663492959208086,-1.0891362065147223
9,gpboost_exact,discrepancy_length_scale,0.21597325605987677,0.35,-0.1340267439401232,-0.38293355411463775,-0.48277856900255456
10,gpboost_exact,discrepancy_length_scale,0.17741041253965595,0.35,-0.17258958746034403,-0.4931131070295544,-0.6794673910674811
11,gpboost_exact,discrepancy_length_scale,0.24582647975492142,0.35,-0.10417352024507856,-0.297638629271653,-0.3533072342892512
12,gpboost_exact,discrepancy_length_scale,0.16206337688160286,0.35,-0.18793662311839712,-0.5369617803382776,-0.7699456804372992
13,gpboost_exact,discrepancy_length_scale,0.28009171111878756,0.35,-0.06990828888121242,-0.1997379682320355,-0.22281606523367473
14,gpboost_exact,discrepancy_length_scale,0.4938387192295588,0.35,0.14383871922955882,0.41096776922731093,0.34427583010610546
15,gpboost_exact,discrepancy_length_scale,0.5964853942896008,0.35,0.2464853942896008,0.7042439836845737,0.5331216010709112
16,gpboost_exact,discrepancy_length_scale,0.5623353745023701,0.35,0.21233537450237017,0.6066724985782005,0.4741652692082683
17,gpboost_exact,discrepancy_length_scale,0.4477209581416264,0.35,0.0977209581416264,0.279202737547504,0.2462370225818342
18,gpboost_exact,discrepancy_length_scale,0.2233161500482255,0.35,-0.12668384995177448,-0.36195385700507,-0.44934467380916965
19,gpboost_exact,discrepancy_length_scale,0.1291228174084063,0.35,-0.22087718259159367,-0.6310776645474105,-0.997169130122379
20,gpboost_exact,discrepancy_length_scale,0.26276361500421364,0.35,-0.08723638499578634,-0.2492468142736753,-0.2866783287359926
21,gpboost_exact,discrepancy_length_scale,0.4963969430528157,0.35,0.1463969430528157,0.41827698015090203,0.34944274059437996
22,gpboost_exact,discrepancy_length_scale,0.008990950675913533,0.35,-0.34100904932408643,-0.9743115694973898,-3.661714563435863
23,gpboost_exact,discrepancy_length_scale,0.5502690501131053,0.35,0.20026905011310536,0.5721972860374439,0.452474186156365
24,gpboost_exact,discrepancy_length_scale,0.22250196302522018,0.35,-0.1274980369747798,-0.364280105642228,-0.45299723033082395
0,gpboost_vecchia,discrepancy_length_scale,0.08625795692523475,0.35,-0.26374204307476523,-0.7535486944993293,-1.4005908486215275
1,gpboost_vecchia,discrepancy_length_scale,0.2921607921631845,0.35,-0.057839207836815454,-0.16525487953375845,-0.180628845678613
2,gpboost_vecchia,discrepancy_length_scale,0.4735260574219945,0.35,0.12352605742199452,0.3529315926342701,0.30227378814273925
3,gpboost_vecchia,discrepancy_length_scale,0.3364683195722282,0.35,-0.013531680427771753,-0.038661944079347865,-0.03942915671865369
4,gpboost_vecchia,discrepancy_length_scale,0.19405489943236165,0.35,-0.15594510056763833,-0.4455574301932524,-0.5897920486885826
5,gpboost_vecchia,discrepancy_length_scale,0.28598322384444663,0.35,-0.06401677615555335,-0.18290507473015244,-0.202000003270598
6,gpboost_vecchia,discrepancy_length_scale,0.24900102670845348,0.35,-0.1009989732915465,-0.2885684951187043,-0.34047613470013016
7,gpboost_vecchia,discrepancy_length_scale,0.19819959110789884,0.35,-0.15180040889210114,-0.43371545397743183,-0.5686585956174552
8,gpboost_vecchia,discrepancy_length_scale,0.11911358457248057,0.35,-0.23088641542751942,-0.6596754726500555,-1.0778556244042385
9,gpboost_vecchia,discrepancy_length_scale,0.23223495899718763,0.35,-0.11776504100281235,-0.336471545722321,-0.4101835410085728
10,gpboost_vecchia,discrepancy_length_scale,0.17273710302459497,0.35,-0.177262896975405,-0.5064654199297286,-0.7061623514990835
11,gpboost_vecchia,discrepancy_length_scale,0.2576612092981721,0.35,-0.09233879070182788,-0.2638251162909368,-0.30628757474379315
12,gpboost_vecchia,discrepancy_length_scale,0.17116110216090208,0.35,-0.1788388978390979,-0.5109682795402798,-0.7153279235953159
13,gpboost_vecchia,discrepancy_length_scale,0.24971631373450273,0.35,-0.10028368626549725,-0.2865248179014207,-0.33760762599384475
14,gpboost_vecchia,discrepancy_length_scale,0.5674770466521873,0.35,0.21747704665218737,0.6213629904348211,0.4832671476262559
15,gpboost_vecchia,discrepancy_length_scale,0.8119010623543441,0.35,0.46190106235434414,1.319717321012412,0.841445333863386
16,gpboost_vecchia,discrepancy_length_scale,0.4915669127866216,0.35,0.14156691278662165,0.4044768936760619,0.33966491578999425
17,gpboost_vecchia,discrepancy_length_scale,0.35366621766958095,0.35,0.0036662176695809734,0.01047490762737421,0.01042042591282682
18,gpboost_vecchia,discrepancy_length_scale,0.25127056855701785,0.35,-0.09872943144298213,-0.2820840898370918,-0.33140283355736844
19,gpboost_vecchia,discrepancy_length_scale,0.1266312702927598,0.35,-0.22336872970724017,-0.6381963705921149,-1.0166536745403423
20,gpboost_vecchia,discrepancy_length_scale,0.2535759401300498,0.35,-0.09642405986995017,-0.2754973139141434,-0.322269809725365
21,gpboost_vecchia,discrepancy_length_scale,0.49052315870343444,0.35,0.14052315870343446,0.4014947391526699,0.33753933788941737
22,gpboost_vecchia,discrepancy_length_scale,0.0064122948408840055,0.35,-0.34358770515911596,-0.9816791575974743,-3.999715938122705
23,gpboost_vecchia,discrepancy_length_scale,0.7659277105613294,0.35,0.4159277105613294,1.188364887318084,0.7831546381684144
24,gpboost_vecchia,discrepancy_length_scale,0.23873920922466527,0.35,-0.11126079077533471,-0.3178879736438135,-0.3825613731087861
0,sklearn,discrepancy_length_scale,0.08494311387306727,0.35,-0.2650568861269327,-0.7573053889340934,-1.4159513705920723
1,sklearn,discrepancy_length_scale,0.2978356741894363,0.35,-0.05216432581056368,-0.1490409308873248,-0.16139124896539161
2,sklearn,discrepancy_length_scale,0.4743347608251365,0.35,0.1243347608251365,0.35524217378610434,0.30398016440347336
3,sklearn,discrepancy_length_scale,0.335847588443518,0.35,-0.014152411556482003,-0.04043546158994858,-0.04127570325336115
4,sklearn,discrepancy_length_scale,0.19961485946944793,0.35,-0.15038514053055205,-0.4296718300872916,-0.5615433471373604
5,sklearn,discrepancy_length_scale,0.2794772378852067,0.35,-0.0705227621147933,-0.2014936060422666,-0.22501230389797308
6,sklearn,discrepancy_length_scale,0.2712394343180339,0.35,-0.0787605656819661,-0.2250301876627603,-0.2549312022103485
7,sklearn,discrepancy_length_scale,0.1979308930562767,0.35,-0.15206910694372328,-0.43448316269635223,-0.570015209680614
8,sklearn,discrepancy_length_scale,0.11778290824473277,0.35,-0.23221709175526722,-0.6634774050150493,-1.089089985093814
9,sklearn,discrepancy_length_scale,0.21598301174035364,0.35,-0.13401698825964634,-0.3829056807418467,-0.4827333992425313
10,sklearn,discrepancy_length_scale,0.17741288537079247,0.35,-0.1725871146292075,-0.49310604179773576,-0.6794534526865962
11,sklearn,discrepancy_length_scale,0.2458272518721124,0.35,-0.10417274812788757,-0.2976364232225359,-0.35330409339092644
12,sklearn,discrepancy_length_scale,0.16206375893624875,0.35,-0.18793624106375123,-0.5369606887535749,-0.7699433230003329
13,sklearn,discrepancy_length_scale,0.28010033779998306,0.35,-0.06989966220001692,-0.19971332057147692,-0.22278526622032627
14,sklearn,discrepancy_length_scale,0.49383502711398375,0.35,0.14383502711398377,0.41095722032566795,0.3442683537191128
15,sklearn,discrepancy_length_scale,0.5964875095845455,0.35,0.24648750958454557,0.704250027384416,0.5331251473290666
16,sklearn,discrepancy_length_scale,0.5623360112840334,0.35,0.21233601128403345,0.6066743179543813,0.4741664015953305
17,sklearn,discrepancy_length_scale,0.4477249608216967,0.35,0.09772496082169674,0.2792141737762764,0.24624596266405588
18,sklearn,discrepancy_length_scale,0.22331524243745537,0.35,-0.1266847575625446,-0.3619564501786989,-0.44934873805895326
19,sklearn,discrepancy_length_scale,0.12912059882866123,0.35,-0.22087940117133875,-0.6310840033466822,-0.9971863122041331
20,sklearn,discrepancy_length_scale,0.26276357677541395,0.35,-0.08723642322458602,-0.24924692349881722,-0.28667847422342047
21,sklearn,discrepancy_length_scale,0.49639812904890696,0.35,0.14639812904890698,0.4182803687111628,0.34944512980062126
22,sklearn,discrepancy_length_scale,0.010000000000000005,0.35,-0.33999999999999997,-0.9714285714285714,-3.555348061489413
23,sklearn,discrepancy_length_scale,0.5502771473644964,0.35,0.20027714736449642,0.5722204210414183,0.4524889011250046
24,sklearn,discrepancy_length_scale,0.22250163538404583,0.35,-0.12749836461595415,-0.36428104175986903,-0.45299870286352034
0,gpboost_exact,discrepancy_var,0.10910563536127742,0.15,-0.04089436463872258,-0.27262909759148385,-0.31831874941726473
1,gpboost_exact,discrepancy_var,0.13342165926274727,0.15,-0.016578340737252728,-0.11052227158168486,-0.11712081050526454
2,gpboost_exact,discrepancy_var,0.2050227206633025,0.15,0.05502272066330249,0.36681813775535,0.3124855114045988
3,gpboost_exact,discrepancy_var,0.05410700267952337,0.15,-0.09589299732047663,-0.6392866488031775,-1.0196716770728285
4,gpboost_exact,discrepancy_var,0.08596151121837069,0.15,-0.06403848878162931,-0.4269232585441954,-0.556735641992876
5,gpboost_exact,discrepancy_var,0.1282811626796692,0.15,-0.02171883732033081,-0.1447922488022054,-0.1564108557041034
6,gpboost_exact,discrepancy_var,0.11313536976199148,0.15,-0.03686463023800851,-0.2457642015867234,-0.282050229872929
7,gpboost_exact,discrepancy_var,0.06379494721318783,0.15,-0.08620505278681216,-0.5747003519120811,-0.8549613041672393
8,gpboost_exact,discrepancy_var,0.05072816635401026,0.15,-0.09927183364598974,-0.6618122243065983,-1.0841539883707871
9,gpboost_exact,discrepancy_var,0.11268167210843691,0.15,-0.037318327891563086,-0.24878885261042058,-0.28606851175519027
10,gpboost_exact,discrepancy_var,0.07318387824546894,0.15,-0.07681612175453105,-0.5121074783635403,-0.71766013993418
11,gpboost_exact,discrepancy_var,0.09705794841933264,0.15,-0.05294205158066735,-0.3529470105377824,-0.43532708758415606
12,gpboost_exact,discrepancy_var,0.05343115221029336,0.15,-0.09656884778970663,-0.6437923185980442,-1.0322413435023963
13,gpboost_exact,discrepancy_var,0.09611069867803178,0.15,-0.05388930132196822,-0.3592620088131215,-0.44513465572103306
14,gpboost_exact,discrepancy_var,0.26083096312388626,0.15,0.11083096312388627,0.7388730874925752,0.5532372525436824
15,gpboost_exact,discrepancy_var,0.40051130675085056,0.15,0.25051130675085054,1.6700753783390037,0.9821067036012963
16,gpboost_exact,discrepancy_var,0.42086419308851886,0.15,0.27086419308851883,1.8057612872567923,1.0316749058079602
17,gpboost_exact,discrepancy_var,0.16317219884214473,0.15,0.013172198842144739,0.0878146589476316,0.08417078369054588
18,gpboost_exact,discrepancy_var,0.06604075247812116,0.15,-0.08395924752187883,-0.5597283168125256,-0.8203632808312118
19,gpboost_exact,discrepancy_var,0.03510286501405653,0.15,-0.11489713498594346,-0.7659808999062898,-1.4523525426234252
20,gpboost_exact,discrepancy_var,0.12706511481075136,0.15,-0.022934885189248633,-0.15289923459499088,-0.16593562398582729
21,gpboost_exact,discrepancy_var,0.20953406498180074,0.15,0.05953406498180075,0.39689376654533837,0.3342510333928817
22,gpboost_exact,discrepancy_var,0.08996994709182521,0.15,-0.060030052908174786,-0.4002003527211653,-0.5111596007320316
23,gpboost_exact,discrepancy_var,0.2600670179730293,0.15,0.11006701797302929,0.7337801198201953,0.5503040651392289
24,gpboost_exact,discrepancy_var,0.06477081620711046,0.15,-0.08522918379288953,-0.5681945586192636,-0.8397801593580034
0,gpboost_vecchia,discrepancy_var,0.10697476251426305,0.15,-0.043025237485736945,-0.28683491657157967,-0.33804235180740244
1,gpboost_vecchia,discrepancy_var,0.1310290767827855,0.15,-0.018970923217214497,-0.12647282144809666,-0.13521603535068408
2,gpboost_vecchia,discrepancy_var,0.2102124894448005,0.15,0.06021248944480051,0.4014165962986701,0.33748357954056635
3,gpboost_vecchia,discrepancy_var,0.054376441119869307,0.15,-0.09562355888013069,-0.6374903925342046,-1.0147043016846968
4,gpboost_vecchia,discrepancy_var,0.08345547748270793,0.15,-0.06654452251729207,-0.44363015011528045,-0.5863220082430483
5,gpboost_vecchia,discrepancy_var,0.12724130805504794,0.15,-0.02275869194495206,-0.15172461296634707,-0.164549947049292
6,gpboost_vecchia,discrepancy_var,0.1085003337518756,0.15,-0.0414996662481244,-0.2766644416541627,-0.3238820450663196
7,gpboost_vecchia,discrepancy_var,0.06429060561417134,0.15,-0.08570939438582865,-0.571395962572191,-0.8472217759501436
8,gpboost_vecchia,discrepancy_var,0.049584873284532566,0.15,-0.10041512671546743,-0.6694341781031162,-1.1069494809815987
9,gpboost_vecchia,discrepancy_var,0.11435767587140783,0.15,-0.03564232412859217,-0.23761549419061445,-0.27130424976394446
10,gpboost_vecchia,discrepancy_var,0.0732927459894317,0.15,-0.0767072540105683,-0.5113816934037887,-0.7161736534100951
11,gpboost_vecchia,discrepancy_var,0.09911616119424012,0.15,-0.050883838805759876,-0.3392255920383992,-0.4143427863970203
12,gpboost_vecchia,discrepancy_var,0.05503457573864089,0.15,-0.09496542426135911,-0.6331028284090607,-1.0026736565878203
13,gpboost_vecchia,discrepancy_var,0.09105357425071262,0.15,-0.05894642574928738,-0.3929761716619159,-0.4991872327819555
14,gpboost_vecchia,discrepancy_var,0.29558015381172803,0.15,0.14558015381172804,0.9705343587448536,0.6783047540626183
15,gpboost_vecchia,discrepancy_var,0.604622817689094,0.15,0.45462281768909396,3.03081878459396,1.393969527677705
16,gpboost_vecchia,discrepancy_var,0.3720713636748878,0.15,0.2220713636748878,1.4804757578325853,0.908450379614086
17,gpboost_vecchia,discrepancy_var,0.1491278758887975,0.15,-0.0008721241112024936,-0.005814160741349958,-0.005831128775798548
18,gpboost_vecchia,discrepancy_var,0.06915973057554699,0.15,-0.080840269424453,-0.5389351294963534,-0.7742165289575369
19,gpboost_vecchia,discrepancy_var,0.03353529339525401,0.15,-0.11646470660474598,-0.7764313773649733,-1.4980368756562126
20,gpboost_vecchia,discrepancy_var,0.12315344072628893,0.15,-0.02684655927371106,-0.1789770618247404,-0.19720423060787307
21,gpboost_vecchia,discrepancy_var,0.20417741442839282,0.15,0.05417741442839283,0.3611827628559522,0.30835400036722066
22,gpboost_vecchia,discrepancy_var,0.09073865458629808,0.15,-0.05926134541370191,-0.3950756360913461,-0.5026518470995422
23,gpboost_vecchia,discrepancy_var,0.36153261443298823,0.15,0.21153261443298824,1.410217429553255,0.8797169631646495
24,gpboost_vecchia,discrepancy_var,0.06721389030119385,0.15,-0.08278610969880615,-0.551907397992041,-0.8027553670162191
0,sklearn,discrepancy_var,0.10910824124959746,0.15,-0.04089175875040253,-0.27261172500268355,-0.31829486561701664
1,sklearn,discrepancy_var,0.13342159025009137,0.15,-0.016578409749908624,-0.1105227316660575,-0.11712132775766672
2,sklearn,discrepancy_var,0.20502244977482317,0.15,0.05502244977482318,0.36681633183215456,0.3124841901429484
3,sklearn,discrepancy_var,0.054106968564016256,0.15,-0.09589303143598374,-0.6392868762398917,-1.0196723075922838
4,sklearn,discrepancy_var,0.08596203335693697,0.15,-0.06403796664306302,-0.42691977762042016,-0.5567295679142198
5,sklearn,discrepancy_var,0.1282813013224532,0.15,-0.021718698677546805,-0.1447913245169787,-0.1564097749319449
6,sklearn,discrepancy_var,0.1131355651094599,0.15,-0.03686443489054009,-0.24576289927026726,-0.28204850320424724
7,sklearn,discrepancy_var,0.06379426358932207,0.15,-0.08620573641067793,-0.5747049094045196,-0.854972020180944
8,sklearn,discrepancy_var,0.05072739505612877,0.15,-0.09927260494387122,-0.6618173662924748,-1.0841691930154767
9,sklearn,discrepancy_var,0.11268259673551419,0.15,-0.03731740326448581,-0.2487826884299054,-0.2860603061325152
10,sklearn,discrepancy_var,0.07318478863475988,0.15,-0.07681521136524011,-0.5121014091016007,-0.7176477002596191
11,sklearn,discrepancy_var,0.09705846118721503,0.15,-0.05294153881278496,-0.35294359208523307,-0.43532180448744695
12,sklearn,discrepancy_var,0.053431114217311323,0.15,-0.09656888578268867,-0.6437925718845912,-1.0322420545668964
13,sklearn,discrepancy_var,0.0961125011199018,0.15,-0.053887498880098195,-0.359249992533988,-0.44511590208596746
14,sklearn,discrepancy_var,0.26083244121741345,0.15,0.11083244121741345,0.738882941449423,0.5532429193913658
15,sklearn,discrepancy_var,0.4005125857589749,0.15,0.25051258575897495,1.670083905059833,0.9821098970344418
16,sklearn,discrepancy_var,0.4208650643396751,0.15,0.27086506433967505,1.8057670955978338,1.0316769759537905
17,sklearn,discrepancy_var,0.1631735209193922,0.15,0.013173520919392195,0.08782347279594797,0.08417888600148422
18,sklearn,discrepancy_var,0.06604057831514586,0.15,-0.08395942168485414,-0.5597294778990276,-0.8203659180392754
19,sklearn,discrepancy_var,0.035101558162726955,0.15,-0.11489844183727305,-0.765989612248487,-1.4523897725092527
20,sklearn,discrepancy_var,0.12706513587213672,0.15,-0.022934864127863275,-0.15289909418575517,-0.16593545823314496
21,sklearn,discrepancy_var,0.20953423801835253,0.15,0.05953423801835253,0.3968949201223502,0.33425185920838985
22,sklearn,discrepancy_var,0.08998378388645291,0.15,-0.060016216113547086,-0.4001081074236473,-0.5110058190395959
23,sklearn,discrepancy_var,0.26007103871483916,0.15,0.11007103871483917,0.7338069247655945,0.550319525426198
24,sklearn,discrepancy_var,0.06477056435616496,0.15,-0.08522943564383503,-0.5681962376255669,-0.8397840477054089
0,gpboost_exact,low_length_scale,0.41088762395584993,0.6,-0.18911237604415004,-0.31518729340691676,-0.3786098991382524
1,gpboost_exact,low_length_scale,0.6863539193794926,0.6,0.08635391937949266,0.14392319896582112,0.13446375693289833
2,gpboost_exact,low_length_scale,0.5645235354475562,0.6,-0.0354764645524438,-0.05912744092073967,-0.06094757994008177
3,gpboost_exact,low_length_scale,0.5756775690007427,0.6,-0.02432243099925724,-0.04053738499876207,-0.041381927293732954
4,gpboost_exact,low_length_scale,0.6654486308745942,0.6,0.06544863087459418,0.10908105145765698,0.10353179087136018
5,gpboost_exact,low_length_scale,0.8903674219373499,0.6,0.2903674219373499,0.4839457032289165,0.39470455595515086
6,gpboost_exact,low_length_scale,0.43087766173918907,0.6,-0.1691223382608109,-0.2818705637680182,-0.33110545287759646
7,gpboost_exact,low_length_scale,0.48836896039612016,0.6,-0.11163103960387982,-0.18605173267313305,-0.20585846865171326
8,gpboost_exact,low_length_scale,0.5695916056460959,0.6,-0.030408394353904078,-0.0506806572565068,-0.05201003250559889
9,gpboost_exact,low_length_scale,0.5220862509110906,0.6,-0.07791374908890936,-0.1298562484815156,-0.1390968493523081
10,gpboost_exact,low_length_scale,0.6919567281693274,0.6,0.09195672816932743,0.15326121361554573,0.14259376689912986
11,gpboost_exact,low_length_scale,1.0792782919157597,0.6,0.47927829191575977,0.798797153192933,0.5871181932986049
12,gpboost_exact,low_length_scale,0.7527136979397762,0.6,0.15271369793977618,0.254522829899627,0.2267552850641929
13,gpboost_exact,low_length_scale,0.5924630367804138,0.6,-0.00753696321958619,-0.012561605365976985,-0.012641169333632591
14,gpboost_exact,low_length_scale,0.5263764743604127,0.6,-0.0736235256395873,-0.12270587606597883,-0.1309129677683022
15,gpboost_exact,low_length_scale,0.7898081351296229,0.6,0.1898081351296229,0.3163468918827049,0.27486039382344535
16,gpboost_exact,low_length_scale,0.6396702913079105,0.6,0.039670291307910555,0.06611715217985092,0.06402321856061086
17,gpboost_exact,low_length_scale,0.6821064340398691,0.6,0.08210643403986917,0.13684405673311528,0.1282560520930014
18,gpboost_exact,low_length_scale,0.6337820651625882,0.6,0.03378206516258819,0.05630344193764699,0.05477549432661515
19,gpboost_exact,low_length_scale,1.0547867879330093,0.6,0.4547867879330093,0.7579779798883489,0.5641642735237585
20,gpboost_exact,low_length_scale,0.5793396429385839,0.6,-0.020660357061416113,-0.034433928435693525,-0.035040746969923195
21,gpboost_exact,low_length_scale,0.4968590793205833,0.6,-0.10314092067941666,-0.17190153446569445,-0.18862321193984544
22,gpboost_exact,low_length_scale,0.6590333601122215,0.6,0.05903336011222149,0.09838893352036915,0.09384450033016474
23,gpboost_exact,low_length_scale,0.9291635796579254,0.6,0.3291635796579254,0.5486059660965424,0.43735514953735294
24,gpboost_exact,low_length_scale,0.9890713662009869,0.6,0.3890713662009869,0.6484522770016449,0.49983683376371413
0,gpboost_vecchia,low_length_scale,0.4299443427789953,0.6,-0.17005565722100469,-0.2834260953683412,-0.33327389030370763
1,gpboost_vecchia,low_length_scale,0.6957325952617812,0.6,0.09573259526178124,0.15955432543630207,0.14803572908361012
2,gpboost_vecchia,low_length_scale,0.5664580707127075,0.6,-0.03354192928729249,-0.05590321547882082,-0.05752659211623962
3,gpboost_vecchia,low_length_scale,0.5892307150124507,0.6,-0.010769284987549255,-0.017948808312582092,-0.018111841958473335
4,gpboost_vecchia,low_length_scale,0.6663821025670007,0.6,0.06638210256700072,0.11063683761166787,0.10493357838357806
5,gpboost_vecchia,low_length_scale,0.8710716148455386,0.6,0.27107161484553866,0.45178602474256446,0.37279453966340964
6,gpboost_vecchia,low_length_scale,0.4270346544666599,0.6,-0.1729653455333401,-0.2882755758889002,-0.3400644872791088
7,gpboost_vecchia,low_length_scale,0.491923702575445,0.6,-0.10807629742455499,-0.18012716237425833,-0.19860602681554332
8,gpboost_vecchia,low_length_scale,0.5891733425582668,0.6,-0.010826657441733167,-0.01804442906955528,-0.018209215102872617
9,gpboost_vecchia,low_length_scale,0.519778344467638,0.6,-0.08022165553236194,-0.13370275922060323,-0.14352719515472237
10,gpboost_vecchia,low_length_scale,0.6972125804136015,0.6,0.09721258041360148,0.16202096735600247,0.15016070246314048
11,gpboost_vecchia,low_length_scale,1.1328099993898777,0.6,0.5328099993898777,0.8880166656497962,0.6355268948293692
12,gpboost_vecchia,low_length_scale,0.7542131381142746,0.6,0.15421313811427462,0.2570218968571244,0.22874534939045374
13,gpboost_vecchia,low_length_scale,0.5861073050639952,0.6,-0.013892694936004757,-0.023154491560007928,-0.023426767958859222
14,gpboost_vecchia,low_length_scale,0.5215458989744155,0.6,-0.07845410102558448,-0.1307568350426408,-0.1401323712745096
15,gpboost_vecchia,low_length_scale,0.7975154388696958,0.6,0.1975154388696958,0.3291923981161597,0.2845715383397267
16,gpboost_vecchia,low_length_scale,0.6445405411422929,0.6,0.04454054114229289,0.07423423523715482,0.07160806843115096
17,gpboost_vecchia,low_length_scale,0.6694300580303633,0.6,0.06943005803036328,0.11571676338393881,0.10949703549644961
18,gpboost_vecchia,low_length_scale,0.6460655005082678,0.6,0.046065500508267854,0.07677583418044642,0.07397123740208071
19,gpboost_vecchia,low_length_scale,1.0665844459358935,0.6,0.46658444593589354,0.7776407432264892,0.5752870599974971
20,gpboost_vecchia,low_length_scale,0.5634039649625406,0.6,-0.03659603503745934,-0.0609933917290989,-0.06293276223644267
21,gpboost_vecchia,low_length_scale,0.49444820355890273,0.6,-0.10555179644109725,-0.17591966073516208,-0.19348725471758144
22,gpboost_vecchia,low_length_scale,0.647699565159471,0.6,0.04769956515947105,0.07949927526578508,0.07649729961148531
23,gpboost_vecchia,low_length_scale,0.9386692634287854,0.6,0.33866926342878545,0.5644487723813091,0.44753353982676675
24,gpboost_vecchia,low_length_scale,1.0316214157429078,0.6,0.4316214157429078,0.7193690262381797,0.5419573783108362
0,sklearn,low_length_scale,0.4108931464553798,0.6,-0.1891068535446202,-0.3151780892410337,-0.3785964588151667
1,sklearn,low_length_scale,0.6863560035244197,0.6,0.08635600352441974,0.14392667254069957,0.13446679347381973
2,sklearn,low_length_scale,0.5645200835914476,0.6,-0.035479916408552414,-0.05913319401425403,-0.060953694595087864
3,sklearn,low_length_scale,0.5756744251126186,0.6,-0.024325574887381407,-0.04054262481230235,-0.041387388504796556
4,sklearn,low_length_scale,0.6654472876195032,0.6,0.06544728761950325,0.10907881269917208,0.10352977229864953
5,sklearn,low_length_scale,0.8903681497993736,0.6,0.29036814979937364,0.4839469163322894,0.39470537343983
6,sklearn,low_length_scale,0.43087724690980783,0.6,-0.16912275309019215,-0.28187125515032024,-0.3311064156324983
7,sklearn,low_length_scale,0.488374549732935,0.6,-0.111625450267065,-0.186042417111775,-0.20584702381126768
8,sklearn,low_length_scale,0.5695932442024495,0.6,-0.030406755797550478,-0.0506779263292508,-0.052007155788350024
9,sklearn,low_length_scale,0.5220820586378017,0.6,-0.07791794136219832,-0.12986323560366386,-0.13910487923264572
10,sklearn,low_length_scale,0.6919641467356965,0.6,0.09196414673569653,0.15327357789282756,0.14260448798370004
11,sklearn,low_length_scale,1.0792765935151742,0.6,0.47927659351517427,0.7987943225252905,0.5871166196526467
12,sklearn,low_length_scale,0.7527125738925247,0.6,0.15271257389252468,0.25452095648754114,0.22675379173665847
13,sklearn,low_length_scale,0.5924599528444443,0.6,-0.007540047155555674,-0.012566745259259457,-0.01264637462713527
14,sklearn,low_length_scale,0.5263770462028737,0.6,-0.07362295379712624,-0.12270492299521041,-0.13091188139347676
15,sklearn,low_length_scale,0.7898079648416372,0.6,0.1898079648416372,0.31634660806939535,0.27486017821664604
16,sklearn,low_length_scale,0.6396701954403825,0.6,0.03967019544038253,0.06611699240063755,0.06402306869037844
17,sklearn,low_length_scale,0.6821052172333835,0.6,0.08210521723338349,0.13684202872230583,0.1282542681960752
18,sklearn,low_length_scale,0.6337762712965712,0.6,0.033776271296571236,0.056293785494285396,0.05476635255246505
19,sklearn,low_length_scale,1.0547538164863044,0.6,0.4547538164863044,0.7579230274771741,0.5641330141617548
20,sklearn,low_length_scale,0.5793395827377499,0.6,-0.020660417262250097,-0.03443402877041683,-0.03504085088277958
21,sklearn,low_length_scale,0.4968591863662455,0.6,-0.10314081363375449,-0.1719013560562575,-0.18862299649515474
22,sklearn,low_length_scale,0.659076948660037,0.6,0.05907694866003699,0.09846158110006165,0.09391063826648367
23,sklearn,low_length_scale,0.9291586487400376,0.6,0.32915864874003764,0.5485977479000628,0.4373498426881829
24,sklearn,low_length_scale,0.9890759773718993,0.6,0.38907597737189936,0.6484599622864989,0.4998414958743778
0,gpboost_exact,low_var,0.5084169979139977,1.0,-0.49158300208600225,-0.49158300208600225,-0.676453306091211
1,gpboost_exact,low_var,1.4495366606465996,1.0,0.4495366606465996,0.4495366606465996,0.37124396098564294
2,gpboost_exact,low_var,0.6368507885597349,1.0,-0.36314921144026513,-0.36314921144026513,-0.45121989172819055
3,gpboost_exact,low_var,0.7307885300898206,1.0,-0.2692114699101794,-0.2692114699101794,-0.31363114960717225
4,gpboost_exact,low_var,1.190478897296954,1.0,0.190478897296954,0.190478897296954,0.1743556608716342
5,gpboost_exact,low_var,2.015982955340766,1.0,1.0159829553407662,1.0159829553407662,0.7011068954813008
6,gpboost_exact,low_var,0.37674546037750567,1.0,-0.6232545396224943,-0.6232545396224943,-0.9761854909774419
7,gpboost_exact,low_var,0.8805366263228039,1.0,-0.11946337367719606,-0.11946337367719606,-0.1272237547244122
8,gpboost_exact,low_var,0.7553452526197445,1.0,-0.2446547473802555,-0.2446547473802555,-0.28058034601944254
9,gpboost_exact,low_var,0.8231008290420359,1.0,-0.17689917095796415,-0.17689917095796415,-0.1946765717849525
10,gpboost_exact,low_var,1.4981167053279414,1.0,0.4981167053279414,0.4981167053279414,0.40420878948893396
11,gpboost_exact,low_var,3.3512298219630012,1.0,2.3512298219630012,2.3512298219630012,1.2093273895019385
12,gpboost_exact,low_var,0.9415769884407373,1.0,-0.05842301155926266,-0.05842301155926266,-0.060199162118965706
13,gpboost_exact,low_var,1.000270652110093,1.0,0.00027065211009302814,0.00027065211009302814,0.0002706154904179918
14,gpboost_exact,low_var,0.8969936718328366,1.0,-0.10300632816716337,-0.10300632816716337,-0.1087064717611174
15,gpboost_exact,low_var,2.488737954946077,1.0,1.4887379549460769,1.4887379549460769,0.9117757365838849
16,gpboost_exact,low_var,1.1184401806277537,1.0,0.11844018062775374,0.11844018062775374,0.11193501873666899
17,gpboost_exact,low_var,1.3990933545822946,1.0,0.39909335458229456,0.39909335458229456,0.3358244229654602
18,gpboost_exact,low_var,1.1934787088513863,1.0,0.1934787088513863,0.1934787088513863,0.17687232738449382
19,gpboost_exact,low_var,1.4052771292477548,1.0,0.40527712924775483,0.40527712924775483,0.34023452835166407
20,gpboost_exact,low_var,0.7278001188841159,1.0,-0.2721998811158841,-0.2721998811158841,-0.31772883045685835
21,gpboost_exact,low_var,0.6259391224305376,1.0,-0.3740608775694624,-0.3740608775694624,-0.4685021611245
22,gpboost_exact,low_var,0.8413844507055388,1.0,-0.1586155492944612,-0.1586155492944612,-0.17270658826087285
23,gpboost_exact,low_var,2.4128015717704847,1.0,1.4128015717704847,1.4128015717704847,0.8807885502613626
24,gpboost_exact,low_var,3.0280709406152986,1.0,2.0280709406152986,2.0280709406152986,1.1079257635092532
0,gpboost_vecchia,low_var,0.5362900239739898,1.0,-0.46370997602601016,-0.46370997602601016,-0.6230801747437633
1,gpboost_vecchia,low_var,1.425458478164778,1.0,0.4254584781647781,0.4254584781647781,0.35449350103670274
2,gpboost_vecchia,low_var,0.6452781345638368,1.0,-0.35472186543616324,-0.35472186543616324,-0.4380738387553862
3,gpboost_vecchia,low_var,0.7560837780100909,1.0,-0.24391622198990914,-0.24391622198990914,-0.2796030914687415
4,gpboost_vecchia,low_var,1.186610694580552,1.0,0.1866106945805519,0.1866106945805519,0.17110108759510947
5,gpboost_vecchia,low_var,1.9273034375402407,1.0,0.9273034375402407,0.9273034375402407,0.6561218433254087
6,gpboost_vecchia,low_var,0.36870933928182154,1.0,-0.6312906607181785,-0.6312906607181785,-0.9977466437622712
7,gpboost_vecchia,low_var,0.8896860454173608,1.0,-0.11031395458263915,-0.11031395458263915,-0.11688663644769758
8,gpboost_vecchia,low_var,0.7826152202515753,1.0,-0.21738477974842474,-0.21738477974842474,-0.24511412107961356
9,gpboost_vecchia,low_var,0.8065625854844409,1.0,-0.19343741451555907,-0.19343741451555907,-0.214973783083076
10,gpboost_vecchia,low_var,1.534376336444282,1.0,0.534376336444282,0.534376336444282,0.4281240030027524
11,gpboost_vecchia,low_var,3.766002250795067,1.0,2.766002250795067,2.766002250795067,1.3260140278967754
12,gpboost_vecchia,low_var,0.963708083745222,1.0,-0.03629191625477801,-0.03629191625477801,-0.03696684792180516
13,gpboost_vecchia,low_var,0.9601328445543472,1.0,-0.03986715544565278,-0.03986715544565278,-0.040683624349737046
14,gpboost_vecchia,low_var,0.8894512156386958,1.0,-0.11054878436130422,-0.11054878436130422,-0.1171506180810083
15,gpboost_vecchia,low_var,2.4502815567538483,1.0,1.4502815567538483,1.4502815567538483,0.8962029390777289
16,gpboost_vecchia,low_var,1.1217635612698376,1.0,0.12176356126983756,0.12176356126983756,0.11490205518785315
17,gpboost_vecchia,low_var,1.3314721331527788,1.0,0.3314721331527788,0.3314721331527788,0.2862851971401663
18,gpboost_vecchia,low_var,1.234883538482854,1.0,0.23488353848285404,0.23488353848285404,0.21097666480973834
19,gpboost_vecchia,low_var,1.4358435361433537,1.0,0.4358435361433537,0.4358435361433537,0.36175250657222385
20,gpboost_vecchia,low_var,0.6817196486830333,1.0,-0.31828035131696675,-0.31828035131696675,-0.3831367779643274
21,gpboost_vecchia,low_var,0.6273681071848702,1.0,-0.37263189281512976,-0.37263189281512976,-0.4662218178219345
22,gpboost_vecchia,low_var,0.8084600774694051,1.0,-0.19153992253059493,-0.19153992253059493,-0.2126239797006404
23,gpboost_vecchia,low_var,2.3260026287423505,1.0,1.3260026287423505,1.3260026287423505,0.8441511842516167
24,gpboost_vecchia,low_var,3.3069641735795536,1.0,2.3069641735795536,2.3069641735795536,1.1960306004301031
0,sklearn,low_var,0.5084324988671591,1.0,-0.49156750113284087,-0.49156750113284087,-0.676422817895639
1,sklearn,low_var,1.4495468300849914,1.0,0.4495468300849914,0.4495468300849914,0.37125097660863166
2,sklearn,low_var,0.6368345963143976,1.0,-0.36316540368560235,-0.36316540368560235,-0.45124531754453484
3,sklearn,low_var,0.7307770811989974,1.0,-0.2692229188010026,-0.2692229188010026,-0.313646816219379
4,sklearn,low_var,1.1904736148542296,1.0,0.19047361485422964,0.19047361485422964,0.17435122361999023
5,sklearn,low_var,2.015985486369621,1.0,1.0159854863696212,1.0159854863696212,0.7011081509617896
6,sklearn,low_var,0.37674573706119413,1.0,-0.6232542629388058,-0.6232542629388058,-0.9761847565728745
7,sklearn,low_var,0.8805535448958206,1.0,-0.1194464551041794,-0.1194464551041794,-0.1272045409745501
8,sklearn,low_var,0.7553476483111965,1.0,-0.2446523516888035,-0.2446523516888035,-0.28057717437356994
9,sklearn,low_var,0.8230899521584695,1.0,-0.17691004784153053,-0.17691004784153053,-0.19468978639372175
10,sklearn,low_var,1.4981438482163463,1.0,0.4981438482163463,0.4981438482163463,0.40422690733143835
11,sklearn,low_var,3.351211075795361,1.0,2.351211075795361,2.351211075795361,1.2093217956689077
12,sklearn,low_var,0.9415765270535359,1.0,-0.058423472946464106,-0.058423472946464106,-0.06019965213446114
13,sklearn,low_var,1.0002598208222808,1.0,0.0002598208222808207,0.0002598208222808207,0.0002597870746963989
14,sklearn,low_var,0.8969946441191281,1.0,-0.1030053558808719,-0.1030053558808719,-0.10870538782285222
15,sklearn,low_var,2.488733833574463,1.0,1.488733833574463,1.488733833574463,0.9117740805738505
16,sklearn,low_var,1.118440843963474,1.0,0.1184408439634741,0.1184408439634741,0.11193561182652317
17,sklearn,low_var,1.399088592031874,1.0,0.3990885920318741,0.3990885920318741,0.33582101893347704
18,sklearn,low_var,1.1934574370576072,1.0,0.1934574370576072,0.1934574370576072,0.17685450387143828
19,sklearn,low_var,1.405155171136301,1.0,0.40515517113630106,0.40515517113630106,0.34014773877732446
20,sklearn,low_var,0.7278001925119164,1.0,-0.2721998074880836,-0.2721998074880836,-0.3177287292919988
21,sklearn,low_var,0.6259401326931152,1.0,-0.3740598673068848,-0.3740598673068848,-0.4685005471308605
22,sklearn,low_var,0.8415353675573616,1.0,-0.15846463244263842,-0.15846463244263842,-0.17252723705163567
23,sklearn,low_var,2.4127739646610507,1.0,1.4127739646610507,1.4127739646610507,0.8807771082647651
24,sklearn,low_var,3.028105252331756,1.0,2.028105252331756,2.028105252331756,1.1079370946579399
0,gpboost_exact,noise_var,0.010454254254437126,0.01,0.0004542542544371253,0.04542542544371253,0.044423908259500704
1,gpboost_exact,noise_var,0.004725074372827867,0.01,-0.005274925627172133,-0.5274925627172133,-0.7497017918911866
2,gpboost_exact,noise_var,0.012296024441530946,0.01,0.002296024441530946,0.2296024441530946,0.20669090100303744
3,gpboost_exact,noise_var,0.0119922478428418,0.01,0.0019922478428418006,0.19922478428418006,0.18167533494106655
4,gpboost_exact,noise_var,0.0029965470146106573,0.01,-0.007003452985389343,-0.7003452985389343,-1.205124462359326
5,gpboost_exact,noise_var,0.006130833077191417,0.01,-0.0038691669228085833,-0.38691669228085834,-0.48925445061717243
6,gpboost_exact,noise_var,0.008182144720198844,0.01,-0.0018178552798011564,-0.18178552798011563,-0.20063078601201847
7,gpboost_exact,noise_var,0.004198763165114545,0.01,-0.0058012368348854555,-0.5801236834885455,-0.867795095570334
8,gpboost_exact,noise_var,0.005739656763699849,0.01,-0.004260343236300151,-0.4260343236300151,-0.5551856817153331
9,gpboost_exact,noise_var,0.009596064077558399,0.01,-0.00040393592244160163,-0.04039359224416016,-0.04123207051092232
10,gpboost_exact,noise_var,0.009454259827852711,0.01,-0.0005457401721472889,-0.05457401721472889,-0.056119677622969
11,gpboost_exact,noise_var,0.00751777259179957,0.01,-0.00248222740820043,-0.248222740820043,-0.2853151968065524
12,gpboost_exact,noise_var,0.01119998684387519,0.01,0.0011999868438751903,0.11999868438751903,0.11332751065231231
13,gpboost_exact,noise_var,0.018014664436418432,0.01,0.008014664436418432,0.8014664436418432,0.5886010241337455
14,gpboost_exact,noise_var,0.012801374931857155,0.01,0.0028013749318571545,0.28013749318571546,0.24696748871412136
15,gpboost_exact,noise_var,0.009361577024153734,0.01,-0.0006384229758462662,-0.06384229758462662,-0.06597133121012054
16,gpboost_exact,noise_var,0.00846068070737227,0.01,-0.0015393192926277301,-0.15393192926277302,-0.16715546074846144
17,gpboost_exact,noise_var,0.006688309485653441,0.01,-0.003311690514346559,-0.3311690514346559,-0.40222394351353313
18,gpboost_exact,noise_var,0.003268426963621357,0.01,-0.006731573036378643,-0.6731573036378643,-1.1182762747072974
19,gpboost_exact,noise_var,0.029722602077275246,0.01,0.019722602077275248,1.9722602077275246,1.0893226760941388
20,gpboost_exact,noise_var,0.013816351566235601,0.01,0.003816351566235601,0.38163515662356007,0.32326769383778436
21,gpboost_exact,noise_var,0.012035501967351448,0.01,0.0020355019673514475,0.20355019673514474,0.185275686332678
22,gpboost_exact,noise_var,0.012532543933942432,0.01,0.002532543933942432,0.2532543933942432,0.22574368275616358
23,gpboost_exact,noise_var,0.01027011574475512,0.01,0.00027011574475512,0.027011574475512,0.026653201063547977
24,gpboost_exact,noise_var,0.009656614269028434,0.01,-0.00034338573097156613,-0.03433857309715661,-0.03494199595411583
0,gpboost_vecchia,noise_var,0.011278617184709988,0.01,0.0012786171847099879,0.12786171847099878,0.12032355555311809
1,gpboost_vecchia,noise_var,0.00566633180092964,0.01,-0.004333668199070361,-0.43336681990703607,-0.5680431333056488
2,gpboost_vecchia,noise_var,0.012032384300934095,0.01,0.0020323843009340953,0.20323843009340953,0.18501661360813237
3,gpboost_vecchia,noise_var,0.012207633993297839,0.01,0.0022076339932978386,0.22076339932978387,0.19947640020886206
4,gpboost_vecchia,noise_var,0.003100267723809097,0.01,-0.006899732276190903,-0.6899732276190903,-1.1710966227129092
5,gpboost_vecchia,noise_var,0.006085221756519286,0.01,-0.003914778243480715,-0.39147782434807143,-0.4967219240765549
6,gpboost_vecchia,noise_var,0.008255300371396835,0.01,-0.001744699628603165,-0.1744699628603165,-0.19172962968225468
7,gpboost_vecchia,noise_var,0.0042619383989046635,0.01,-0.005738061601095337,-0.5738061601095337,-0.8528610129873807
8,gpboost_vecchia,noise_var,0.006379475685416525,0.01,-0.0036205243145834756,-0.36205243145834753,-0.4494991799835848
9,gpboost_vecchia,noise_var,0.010321405921641614,0.01,0.000321405921641614,0.0321405921641614,0.03163489049774766
10,gpboost_vecchia,noise_var,0.009010266909580214,0.01,-0.0009897330904197858,-0.09897330904197858,-0.10422039810777613
11,gpboost_vecchia,noise_var,0.007447478488208087,0.01,-0.002552521511791913,-0.2552521511791913,-0.2947095758510456
12,gpboost_vecchia,noise_var,0.010289965893476572,0.01,0.0002899658934765719,0.02899658934765719,0.028584142315474046
13,gpboost_vecchia,noise_var,0.01853311191436429,0.01,0.00853311191436429,0.853311191436429,0.6169738724563396
14,gpboost_vecchia,noise_var,0.013212351040351948,0.01,0.003212351040351948,0.3212351040351948,0.2785669839932088
15,gpboost_vecchia,noise_var,0.010371158002992431,0.01,0.00037115800299243086,0.037115800299243086,0.03644359157535357
16,gpboost_vecchia,noise_var,0.008835287325897456,0.01,-0.0011647126741025447,-0.11647126741025446,-0.12383146642720236
17,gpboost_vecchia,noise_var,0.006356041358543218,0.01,-0.003643958641456782,-0.3643958641456782,-0.45317933733268834
18,gpboost_vecchia,noise_var,0.003462100570156549,0.01,-0.0065378994298434506,-0.653789942984345,-1.0607095869344794
19,gpboost_vecchia,noise_var,0.030150012617246962,0.01,0.020150012617246964,2.0150012617246964,1.1036002486615475
20,gpboost_vecchia,noise_var,0.014515411575067094,0.01,0.004515411575067093,0.4515411575067093,0.3726258592350151
21,gpboost_vecchia,noise_var,0.011412490886410989,0.01,0.0014124908864109886,0.14124908864109886,0.13212335436470599
22,gpboost_vecchia,noise_var,0.012310264285228419,0.01,0.0023102642852284184,0.23102642852284183,0.20784831612120105
23,gpboost_vecchia,noise_var,0.011789250698669837,0.01,0.0017892506986698364,0.17892506986698364,0.1646030655635705
24,gpboost_vecchia,noise_var,0.009349431916693228,0.01,-0.0006505680833067719,-0.06505680833067719,-0.06726950911218292
0,sklearn,noise_var,0.010453905698866858,0.01,0.0004539056988668577,0.04539056988668577,0.044390566676972214
1,sklearn,noise_var,0.004725052911552098,0.01,-0.005274947088447902,-0.5274947088447902,-0.7497063338989549
2,sklearn,noise_var,0.012296221721908671,0.01,0.002296221721908671,0.2296221721908671,0.2067069451151871
3,sklearn,noise_var,0.011992124907970567,0.01,0.0019921249079705664,0.19921249079705663,0.1816650836935136
4,sklearn,noise_var,0.0029965565302916084,0.01,-0.007003443469708392,-0.7003443469708391,-1.2051212868156764
5,sklearn,noise_var,0.006130856085689454,0.01,-0.003869143914310546,-0.3869143914310546,-0.48925069770878726
6,sklearn,noise_var,0.008182046603676704,0.01,-0.001817953396323296,-0.1817953396323296,-0.20064277762470495
7,sklearn,noise_var,0.004198989631966202,0.01,-0.005801010368033798,-0.5801010368033799,-0.8677411604624106
8,sklearn,noise_var,0.005739774293835964,0.01,-0.004260225706164036,-0.42602257061640364,-0.5551652050670514
9,sklearn,noise_var,0.009596205607280445,0.01,-0.0004037943927195555,-0.04037943927195555,-0.041217321893445284
10,sklearn,noise_var,0.009454308715867128,0.01,-0.0005456912841328727,-0.05456912841328727,-0.05611450663244133
11,sklearn,noise_var,0.007517797649874913,0.01,-0.002482202350125087,-0.2482202350125087,-0.2853118636339569
12,sklearn,noise_var,0.01119995779391814,0.01,0.0011999577939181393,0.11999577939181393,0.1133249168997365
13,sklearn,noise_var,0.018014604772542707,0.01,0.008014604772542707,0.8014604772542706,0.5885977121667233
14,sklearn,noise_var,0.012801323108526181,0.01,0.0028013231085261808,0.2801323108526181,0.24696344044304527
15,sklearn,noise_var,0.009361591708606011,0.01,-0.0006384082913939888,-0.06384082913939888,-0.06596976262389594
16,sklearn,noise_var,0.008460661722425527,0.01,-0.0015393382775744733,-0.15393382775744732,-0.16715770465396979
17,sklearn,noise_var,0.006688300628350449,0.01,-0.003311699371649551,-0.3311699371649551,-0.40222526781063334
18,sklearn,noise_var,0.0032683519212672856,0.01,-0.006731648078732715,-0.6731648078732715,-1.11829923474783
19,sklearn,noise_var,0.02972295251391128,0.01,0.019722952513911277,1.9722952513911276,1.0893344662654458
20,sklearn,noise_var,0.013816340114347842,0.01,0.0038163401143478416,0.38163401143478415,0.3232668649726206
21,sklearn,noise_var,0.012035484230991707,0.01,0.0020354842309917073,0.20354842309917073,0.1852742126614628
22,sklearn,noise_var,0.012531265654214443,0.01,0.0025312656542144426,0.25312656542144424,0.22564168072613683
23,sklearn,noise_var,0.010270050070264809,0.01,0.0002700500702648087,0.02700500702648087,0.0266468063254624
24,sklearn,noise_var,0.00965664478009273,0.01,-0.0003433552199072695,-0.03433552199072695,-0.03493883635643026
0,gpboost_exact,rho,0.7217513095574624,0.85,-0.12824869044253762,-0.15088081228533837,
1,gpboost_exact,rho,0.7774455522814062,0.85,-0.07255444771859376,-0.0853581737865809,
2,gpboost_exact,rho,0.7694730840829492,0.85,-0.08052691591705075,-0.09473754813770677,
3,gpboost_exact,rho,1.042899934975308,0.85,0.1928999349753081,0.22694109997095072,
4,gpboost_exact,rho,1.0266329205446318,0.85,0.17663292054463187,0.20780343593486103,
5,gpboost_exact,rho,0.8232651556067251,0.85,-0.026734844393274892,-0.03145275810973517,
6,gpboost_exact,rho,0.8999094490765811,0.85,0.049909449076581125,0.058716998913624856,
7,gpboost_exact,rho,1.0554657391241355,0.85,0.20546573912413557,0.24172439896957126,
8,gpboost_exact,rho,0.9439431332294137,0.85,0.09394313322941372,0.11052133321107498,
9,gpboost_exact,rho,0.8181954920540063,0.85,-0.031804507945993654,-0.03741706817175724,
10,gpboost_exact,rho,0.6212409515467717,0.85,-0.22875904845322825,-0.2691282922979156,
11,gpboost_exact,rho,0.8518496926390127,0.85,0.00184969263901269,0.002176108987073753,
12,gpboost_exact,rho,0.8988077847718835,0.85,0.04880778477188352,0.05742092326103944,
13,gpboost_exact,rho,0.7911332236351113,0.85,-0.058866776364888684,-0.0692550310175161,
14,gpboost_exact,rho,0.7334346664358101,0.85,-0.11656533356418985,-0.13713568654610572,
15,gpboost_exact,rho,0.8364855515114716,0.85,-0.013514448488528341,-0.01589935116297452,
16,gpboost_exact,rho,0.8623120460681715,0.85,0.01231204606817149,0.014484760080201753,
17,gpboost_exact,rho,0.9310575959184579,0.85,0.08105759591845796,0.09536187755112702,
18,gpboost_exact,rho,0.873548738288636,0.85,0.023548738288636017,0.02770439798663061,
19,gpboost_exact,rho,1.037291178773438,0.85,0.18729117877343804,0.22034256326286827,
20,gpboost_exact,rho,0.8366794295276475,0.85,-0.013320570472352466,-0.015671259379238196,
21,gpboost_exact,rho,0.8584474383516393,0.85,0.008447438351639303,0.009938162766634473,
22,gpboost_exact,rho,1.1239897049143563,0.85,0.27398970491435637,0.3223408293110075,
23,gpboost_exact,rho,0.9887286304607462,0.85,0.13872863046074624,0.16321015348323087,
24,gpboost_exact,rho,0.8680487307772004,0.85,0.018048730777200372,0.02123380091435338,
0,gpboost_vecchia,rho,0.7286244681913165,0.85,-0.12137553180868343,-0.14279474330433345,
1,gpboost_vecchia,rho,0.7795571515777837,0.85,-0.07044284842221626,-0.08287393932025443,
2,gpboost_vecchia,rho,0.7775302536100666,0.85,-0.07246974638993342,-0.08525852516462755,
3,gpboost_vecchia,rho,1.0315631092653854,0.85,0.18156310926538544,0.213603657959277,
4,gpboost_vecchia,rho,1.0291846961197155,0.85,0.17918469611971555,0.21080552484672418,
5,gpboost_vecchia,rho,0.8304553884468479,0.85,-0.019544611553152125,-0.022993660650767207,
6,gpboost_vecchia,rho,0.9192845107302613,0.85,0.06928451073026132,0.08151118909442508,
7,gpboost_vecchia,rho,1.0552051107473275,0.85,0.2052051107473275,0.24141777734979708,
8,gpboost_vecchia,rho,0.946491909594023,0.85,0.09649190959402298,0.11351989364002704,
9,gpboost_vecchia,rho,0.8160172518921363,0.85,-0.033982748107863725,-0.03997970365631027,
10,gpboost_vecchia,rho,0.617982763461122,0.85,-0.23201723653887796,-0.27296145475162115,
11,gpboost_vecchia,rho,0.8467252387291315,0.85,-0.0032747612708684537,-0.0038526603186687693,
12,gpboost_vecchia,rho,0.9005586222279449,0.85,0.05055862222794494,0.0594807320328764,
13,gpboost_vecchia,rho,0.7797858292716852,0.85,-0.07021417072831482,-0.0826049067391939,
14,gpboost_vecchia,rho,0.7376881927916268,0.85,-0.1123118072083732,-0.13213153789220375,
15,gpboost_vecchia,rho,0.7918993535521995,0.85,-0.05810064644780044,-0.06835370170329463,
16,gpboost_vecchia,rho,0.8049526463662021,0.85,-0.04504735363379786,-0.05299688662799748,
17,gpboost_vecchia,rho,0.9029975104030998,0.85,0.05299751040309986,0.06235001223894101,
18,gpboost_vecchia,rho,0.872122724956469,0.85,0.022122724956469053,0.026026735242904768,
19,gpboost_vecchia,rho,1.0423320340072555,0.85,0.19233203400725551,0.2262729811850065,
20,gpboost_vecchia,rho,0.8532363124133363,0.85,0.0032363124133363286,0.0038074263686309747,
21,gpboost_vecchia,rho,0.8671633278257087,0.85,0.01716332782570873,0.020192150383186742,
22,gpboost_vecchia,rho,1.1243220457320433,0.85,0.27432204573204333,0.3227318185082863,
23,gpboost_vecchia,rho,1.0196239070082491,0.85,0.16962390700824914,0.1995575376567637,
24,gpboost_vecchia,rho,0.8710621408277363,0.85,0.021062140827736275,0.0247789892091015,
0,sklearn,rho,0.7217540311743823,0.85,-0.12824596882561767,-0.15087761038307962,
1,sklearn,rho,0.7774464329738398,0.85,-0.07255356702616023,-0.08535713767783557,
2,sklearn,rho,0.7694591452006841,0.85,-0.08054085479931583,-0.0947539468227245,
3,sklearn,rho,1.0428981692381638,0.85,0.19289816923816383,0.22693902263313392,
4,sklearn,rho,1.0266323613107513,0.85,0.17663236131075133,0.20780277801264863,
5,sklearn,rho,0.8232661807308472,0.85,-0.026733819269152748,-0.03145155208135617,
6,sklearn,rho,0.8999119462994736,0.85,0.0499119462994736,0.058719936822910115,
7,sklearn,rho,1.0554679054281495,0.85,0.20546790542814952,0.24172694756252885,
8,sklearn,rho,0.9439482871253935,0.85,0.09394828712539349,0.11052739661811,
9,sklearn,rho,0.8181923354731715,0.85,-0.03180766452682848,-0.0374207817962688,
10,sklearn,rho,0.6212441187040505,0.85,-0.22875588129594948,-0.26912456623052883,
11,sklearn,rho,0.8518495724657961,0.85,0.00184957246579609,0.0021759676068189293,
12,sklearn,rho,0.8988084815349477,0.85,0.04880848153494777,0.057421742982291496,
13,sklearn,rho,0.7911378848659806,0.85,-0.0588621151340194,-0.06924954721649342,
14,sklearn,rho,0.7334367816987459,0.85,-0.11656321830125405,-0.13713319800147536,
15,sklearn,rho,0.8364853080834893,0.85,-0.013514691916510668,-0.015899637548836082,
16,sklearn,rho,0.8623128038495834,0.85,0.012312803849583442,0.014485651587745226,
17,sklearn,rho,0.9310582070649918,0.85,0.08105820706499178,0.09536259654704916,
18,sklearn,rho,0.8735482536529949,0.85,0.023548253652994955,0.02770382782705289,
19,sklearn,rho,1.0372946035421091,0.85,0.18729460354210914,0.22034659240248133,
20,sklearn,rho,0.8366790523626744,0.85,-0.013320947637325609,-0.01567170310273601,
21,sklearn,rho,0.8584480046264112,0.85,0.008448004626411265,0.009938828972248548,
22,sklearn,rho,1.1239571547300862,0.85,0.2739571547300862,0.322302534976572,
23,sklearn,rho,0.9887268375487019,0.85,0.13872683754870196,0.1632080441749435,
24,sklearn,rho,0.8680490308559454,0.85,0.018049030855945447,0.021234153948171113,
