species,wavelength,framework,hf_row,actual,predicted,predicted_sd,residual
H2O,2.6975000000000002,gpboost_exact,16,7.881501788271095e-05,8.946082601548282e-05,2.3750414721343853e-05,1.0645808132771873e-05
H2O,2.6975000000000002,gpboost_exact,44,0.0001964401765953,0.00029727774220817955,2.4148504864826228e-05,0.00010083756561287955
H2O,2.6975000000000002,gpboost_exact,79,0.000174950196502,0.00012297048875880274,2.4331368078752835e-05,-5.197970774319726e-05
H2O,2.6975000000000002,gpboost_exact,67,8.96370451609536e-05,0.0001005946345725139,2.3592071051517934e-05,1.09575894115603e-05
H2O,2.6975000000000002,gpboost_exact,34,0.0002998302215005,0.00028858804357849357,2.4168575001923476e-05,-1.1242177922006458e-05
H2O,2.6975000000000002,gpboost_exact,30,0.0001355051847409,0.00011172931247184278,2.5122336019986566e-05,-2.3775872269057218e-05
H2O,2.6975000000000002,gpboost_exact,58,8.67197669278581e-05,8.273118380859481e-05,2.358405903206212e-05,-3.988583119263287e-06
H2O,2.6975000000000002,gpboost_exact,74,4.88599046987683e-05,4.7368704018609467e-05,2.3757203530652103e-05,-1.491200680158834e-06
H2O,2.6975000000000002,gpboost_exact,85,0.000218617652523,0.00015785050621960065,2.4665649532267685e-05,-6.0767146303399364e-05
H2O,2.6975000000000002,gpboost_exact,54,0.0001950054438019,0.00017225399818850774,2.4401591617018876e-05,-2.275144561339227e-05
H2O,2.6975000000000002,gpboost_exact,49,7.33792948742669e-05,2.244766739603119e-05,2.388329558693828e-05,-5.09316274782357e-05
H2O,2.6975000000000002,gpboost_exact,6,0.0002473515062271,0.00020821783404913636,2.430620028924872e-05,-3.913367217796363e-05
H2O,2.6975000000000002,gpboost_exact,87,0.0001038254008438,8.803678350558852e-05,2.294795533876867e-05,-1.578861733821148e-05
H2O,2.6975000000000002,gpboost_exact,11,0.0001187587834316,0.00011985383559501085,2.422335467784044e-05,1.0950521634108407e-06
H2O,2.6975000000000002,gpboost_exact,82,0.0001058158239792,0.00011293046442600062,2.3043749966302818e-05,7.114640446800614e-06
H2O,2.6975000000000002,gpboost_exact,41,0.0001418688156496,0.00016988607144272604,2.315325998653801e-05,2.8017255793126046e-05
H2O,2.6975000000000002,gpboost_exact,22,9.007535155563696e-05,6.307360678663434e-05,2.3997507123127644e-05,-2.7001744769002622e-05
H2O,2.6975000000000002,gpboost_exact,19,8.017450341230053e-05,8.739153026539391e-05,2.3171504741627284e-05,7.21702685309338e-06
H2O,2.6975000000000002,gpboost_exact,35,8.4429288737799e-05,7.296781296726405e-05,2.4909907513010677e-05,-1.1461475770534952e-05
H2O,2.6975000000000002,gpboost_exact,64,0.0002926103095959,0.00022786003071438528,2.3888878215451647e-05,-6.47502788815147e-05
H2O,2.6975000000000002,gpboost_exact,47,9.69969169811778e-05,8.40707639611993e-05,2.4226143042298792e-05,-1.2926153019978502e-05
H2O,2.6975000000000002,gpboost_exact,12,0.000261753987503,0.0002628113164734628,2.2165377832675153e-05,1.0573289704627958e-06
H2O,2.6975000000000002,gpboost_exact,53,8.464465194686598e-05,0.00010687199992349099,2.4107740970461385e-05,2.2227347976625002e-05
H2O,2.6975000000000002,gpboost_exact,14,4.384336697802225e-05,4.356499517051185e-05,2.3448041775211365e-05,-2.78371807510398e-07
H2O,2.6975000000000002,gpboost_exact,13,0.0001274383899736,0.00014517486761762884,2.472983723743683e-05,1.7736477644028842e-05
H2O,2.6975000000000002,gpboost_exact,66,0.0001436677200939,0.00015233978379321637,2.4190119663878653e-05,8.672063699316371e-06
H2O,2.6975000000000002,gpboost_exact,36,0.000155122687556,0.0001541118871442546,2.4529531725399525e-05,-1.0108004117453928e-06
H2O,2.6975000000000002,gpboost_exact,65,0.0003155394705145,0.00026147944188070315,2.4723627494671085e-05,-5.4060028633796866e-05
H2O,2.6975000000000002,gpboost_exact,77,0.0001657518899836,0.00015431700259576527,2.3659232016650736e-05,-1.1434887387834735e-05
H2O,2.6975000000000002,gpboost_exact,8,0.000146668827546,0.0001547029754341912,2.485819948259296e-05,8.03414788819122e-06
HCN,2.9975,gpboost_exact,16,0.0002057148110709,0.00020470348408497846,3.806916463106385e-05,-1.0113269859215286e-06
HCN,2.9975,gpboost_exact,44,0.0002460086887025,0.0002591704075850882,3.8864002165419813e-05,1.3161718882588201e-05
HCN,2.9975,gpboost_exact,79,0.0003681175156477,0.00024597004529555776,3.9266310325546564e-05,-0.00012214747035214224
HCN,2.9975,gpboost_exact,67,0.0001447120582646,0.00016671676376947127,3.7707613399633316e-05,2.2004705504871267e-05
HCN,2.9975,gpboost_exact,34,0.0003181317607643,0.0002989791634986108,3.8850100573398536e-05,-1.91525972656892e-05
HCN,2.9975,gpboost_exact,30,0.0001400732872247,0.0001473701699892825,4.103628489090189e-05,7.2968827645824945e-06
HCN,2.9975,gpboost_exact,58,9.170241087998276e-05,0.00010681536305160946,3.759540384186453e-05,1.5112952171626701e-05
HCN,2.9975,gpboost_exact,74,0.0001173453099117,0.0001140823101198569,3.8018115576896416e-05,-3.2629997918431024e-06
HCN,2.9975,gpboost_exact,85,0.000303169177488,0.00024818593454035943,3.989400818669074e-05,-5.498324294764056e-05
HCN,2.9975,gpboost_exact,54,0.0002889930169192,0.0002641220421236862,3.931000331592192e-05,-2.487097479551381e-05
HCN,2.9975,gpboost_exact,49,0.0001617569585727,0.0001176158838360044,3.824697985257195e-05,-4.414107473669559e-05
HCN,2.9975,gpboost_exact,6,0.0002301103536132,0.00021198564450969305,3.912553482933409e-05,-1.8124709103506956e-05
HCN,2.9975,gpboost_exact,87,0.0002176215791692,0.00018593174120072126,3.6559151798199736e-05,-3.168983796847873e-05
HCN,2.9975,gpboost_exact,11,0.0003091744411707,0.0003277530532745641,3.8827372310408224e-05,1.8578612103864066e-05
HCN,2.9975,gpboost_exact,82,0.0002063826573483,0.0001857643486725163,3.6678075362256654e-05,-2.061830867578369e-05
HCN,2.9975,gpboost_exact,41,0.0002271443777682,0.00024927065881752474,3.6735844462251414e-05,2.2126281049324734e-05
HCN,2.9975,gpboost_exact,22,0.0002640589536271,0.00019760378166236355,3.852069033933209e-05,-6.645517196473644e-05
HCN,2.9975,gpboost_exact,19,8.549267148720887e-05,0.00010305159501529502,3.687635570404316e-05,1.7558923528086155e-05
HCN,2.9975,gpboost_exact,35,0.0001084223810748,0.0001334205432145335,4.0490041168657974e-05,2.4998162139733504e-05
HCN,2.9975,gpboost_exact,64,0.0003554539543003,0.00033462323888125233,3.822217273007729e-05,-2.083071541904768e-05
HCN,2.9975,gpboost_exact,47,0.0002328128380484,0.0002143306542788116,3.892765168174468e-05,-1.8482183769588417e-05
HCN,2.9975,gpboost_exact,12,0.0002822924620333,0.0002705202953525181,3.5181721669312126e-05,-1.177216668078187e-05
HCN,2.9975,gpboost_exact,53,0.0001516049735142,0.00017664371402821707,3.860602706062211e-05,2.5038740514017063e-05
HCN,2.9975,gpboost_exact,14,0.0001102666353573,0.00011530089339580301,3.7398637137892945e-05,5.034258038503006e-06
HCN,2.9975,gpboost_exact,13,0.0002397663117344,0.00028007040542392636,4.011753777505658e-05,4.0304093689526364e-05
HCN,2.9975,gpboost_exact,66,0.000255587583204,0.0002566519437850908,3.884487542122625e-05,1.0643605810908125e-06
HCN,2.9975,gpboost_exact,36,0.0002586746408026,0.00022682081471065964,3.958260509441102e-05,-3.1853826091940386e-05
HCN,2.9975,gpboost_exact,65,0.0003800175793146,0.00029846571124162585,3.9923327661231e-05,-8.155186807297414e-05
HCN,2.9975,gpboost_exact,77,0.0001974701276872,0.00022248731120668667,3.7804394570709885e-05,2.501718351948667e-05
HCN,2.9975,gpboost_exact,8,0.0001299123236964,0.00013919400588604977,4.018206584717736e-05,9.281682189649776e-06
CH4,3.3125,gpboost_exact,16,0.000395778522297,0.0002678108024504436,7.134546364776194e-05,-0.00012796771984655638
CH4,3.3125,gpboost_exact,44,0.000113292166185,0.0001498303884425639,7.43035579183467e-05,3.6538222257563883e-05
CH4,3.3125,gpboost_exact,79,0.0001990405107886,0.00012656235368058331,7.180281715909755e-05,-7.247815710801668e-05
CH4,3.3125,gpboost_exact,67,0.0001251417550185,0.00011699589489950255,6.987085408159971e-05,-8.145860118997453e-06
CH4,3.3125,gpboost_exact,34,0.0001862148200995,0.00028504152858712935,7.296691701853266e-05,9.882670848762934e-05
CH4,3.3125,gpboost_exact,30,0.0001490539151776,0.00013396790956257047,7.754179829213721e-05,-1.508600561502953e-05
CH4,3.3125,gpboost_exact,58,7.662454879363951e-05,7.844871604760365e-05,7.052065600415628e-05,1.8241672539641386e-06
CH4,3.3125,gpboost_exact,74,7.577121294370967e-05,9.834651434825493e-05,7.105296851230601e-05,2.2575301404545263e-05
CH4,3.3125,gpboost_exact,85,0.0001403244907633,0.00010117311637954534,7.492551631374918e-05,-3.915137438375466e-05
CH4,3.3125,gpboost_exact,54,0.000172874756255,0.0002356160703116637,7.477324905193794e-05,6.27413140566637e-05
CH4,3.3125,gpboost_exact,49,0.0002686780328957,0.00028719538114792633,7.162777686854733e-05,1.851734825222633e-05
CH4,3.3125,gpboost_exact,6,0.0001342480860422,7.767467007372515e-05,7.417131874753323e-05,-5.6573415968474863e-05
CH4,3.3125,gpboost_exact,87,0.0004316324709879,0.00029178579968931685,6.368505858402772e-05,-0.00013984667129858313
CH4,3.3125,gpboost_exact,11,0.0005148956188015,0.0003731899099048274,7.37138902858645e-05,-0.0001417057088966726
CH4,3.3125,gpboost_exact,82,0.0001250348466951,8.964417398262625e-05,6.717607690341594e-05,-3.539067271247374e-05
CH4,3.3125,gpboost_exact,41,0.0002476378068089,0.00029749387171769707,6.870334862849856e-05,4.9856064908797065e-05
CH4,3.3125,gpboost_exact,22,0.0005778865156985,0.0005210266483620824,6.950941858211218e-05,-5.6859867336417564e-05
CH4,3.3125,gpboost_exact,19,6.421614808832415e-05,7.572150432998874e-05,6.715971770151603e-05,1.1505356241664591e-05
CH4,3.3125,gpboost_exact,35,8.06634668591446e-05,5.705220725157705e-05,7.62264230338812e-05,-2.3611259607567555e-05
CH4,3.3125,gpboost_exact,64,0.0001922573436287,0.0003088080313535824,7.24872615456707e-05,0.00011655068772488243
CH4,3.3125,gpboost_exact,47,0.0003752965899804,0.000368396208457605,7.366154480777914e-05,-6.90038152279497e-06
CH4,3.3125,gpboost_exact,12,0.0001775619666747,0.0001651207837566781,6.151397533148165e-05,-1.24411829180219e-05
CH4,3.3125,gpboost_exact,53,0.0001253922617981,0.00014210218381005096,7.394896053666386e-05,1.670992201195095e-05
CH4,3.3125,gpboost_exact,14,9.252985339435134e-05,0.0001077729051772367,6.461146659919703e-05,1.5243051782885356e-05
CH4,3.3125,gpboost_exact,13,0.0001550065541091,0.00019919732947090365,7.548176713194302e-05,4.419077536180365e-05
CH4,3.3125,gpboost_exact,66,0.0002012671245183,0.00019290709419565163,7.273655726742696e-05,-8.360030322648372e-06
CH4,3.3125,gpboost_exact,36,0.0002907993430984,0.0002865611486575213,7.539566897062325e-05,-4.238194440878704e-06
CH4,3.3125,gpboost_exact,65,0.0001988513028701,0.00022639610717605676,7.511445105438445e-05,2.754480430595675e-05
CH4,3.3125,gpboost_exact,77,0.0001308050044165,0.00013827750769421684,7.109009047647218e-05,7.47250327771685e-06
CH4,3.3125,gpboost_exact,8,0.0001268688844931,0.00010448827619197227,7.693105932453142e-05,-2.238060830112773e-05
H2S,3.8525,gpboost_exact,16,0.0015039116756202,0.0010326006977529564,0.00021789814146172036,-0.0004713109778672435
H2S,3.8525,gpboost_exact,44,0.0004035009917214,0.0006744008695914998,0.0002236930661088995,0.00027089987787009987
H2S,3.8525,gpboost_exact,79,0.0006592488813341,0.00041256699758657477,0.00021798852015023215,-0.0002466818837475252
H2S,3.8525,gpboost_exact,67,0.000494335085519,0.0005548547700876757,0.000215262765819224,6.051968456867571e-05
H2S,3.8525,gpboost_exact,34,0.0006017231397918,0.0008793725784606947,0.00022139328148748484,0.00027764943866889476
H2S,3.8525,gpboost_exact,30,0.0005835111657651,0.0004427408219076861,0.00022910270228508993,-0.00014077034385741387
H2S,3.8525,gpboost_exact,58,0.0003964356588008,0.00035992714253860967,0.00021719173852869535,-3.6508516262190316e-05
H2S,3.8525,gpboost_exact,74,0.0004026028660769,0.00046162140236642436,0.00021755994376513802,5.901853628952438e-05
H2S,3.8525,gpboost_exact,85,0.0004829437535689,0.0004228315304463846,0.0002250450195396689,-6.011222312251539e-05
H2S,3.8525,gpboost_exact,54,0.0006248057625673,0.0007555848956560597,0.0002248073879315312,0.00013077913308875977
H2S,3.8525,gpboost_exact,49,0.0009015266402691,0.000945797030531331,0.0002183158756960957,4.427039026223096e-05
H2S,3.8525,gpboost_exact,6,0.0004810814317332,0.0003146459186115456,0.00022348503215903077,-0.00016643551312165437
H2S,3.8525,gpboost_exact,87,0.0015404992663851,0.0011100954014645556,0.00020005088133266785,-0.00043040386492054447
H2S,3.8525,gpboost_exact,11,0.0009294468274527,0.0009308251748327027,0.00022319004390963532,1.3783473800027058e-06
H2S,3.8525,gpboost_exact,82,0.0004598841912082,0.0003984585225686498,0.00020907262172677196,-6.142566863955024e-05
H2S,3.8525,gpboost_exact,41,0.0008449268033289,0.0010138085285605167,0.0002137911405187379,0.0001688817252316167
H2S,3.8525,gpboost_exact,22,0.0016651379073342,0.0014073787218685076,0.0002134324054804263,-0.0002577591854656925
H2S,3.8525,gpboost_exact,19,0.0002978925641674,0.00034221701180583796,0.00020928887838805453,4.432444763843797e-05
H2S,3.8525,gpboost_exact,35,0.0003437349425838,0.00023486879943246917,0.00022715964689172042,-0.00010886614315133085
H2S,3.8525,gpboost_exact,64,0.0006459172473386,0.0010963563070584509,0.00022070976142713464,0.0004504390597198509
H2S,3.8525,gpboost_exact,47,0.0013094818211582,0.0014146684909963712,0.0002226539402819814,0.00010518666983817121
H2S,3.8525,gpboost_exact,12,0.0006140252559698,0.000627444618627876,0.0001964257839935038,1.341936265807607e-05
H2S,3.8525,gpboost_exact,53,0.0005107036460511,0.0005974436620967518,0.00022358326524418907,8.674001604565176e-05
H2S,3.8525,gpboost_exact,14,0.000469017208906,0.0005636737757186488,0.00020287624677638608,9.465656681264883e-05
H2S,3.8525,gpboost_exact,13,0.000537216215306,0.0006958385159096256,0.00022568043478169656,0.00015862230060362562
H2S,3.8525,gpboost_exact,66,0.000746141815238,0.0008103133325434034,0.0002209853759890758,6.41715173054034e-05
H2S,3.8525,gpboost_exact,36,0.0011266884173225,0.001054299121260014,0.0002259560596355519,-7.23892960624859e-05
H2S,3.8525,gpboost_exact,65,0.0006625406542994,0.0007388121851052413,0.00022554736193080828,7.627153080584127e-05
H2S,3.8525,gpboost_exact,77,0.0005382692983595,0.0006595040937191624,0.0002177084139014603,0.00012123479535966237
H2S,3.8525,gpboost_exact,8,0.0005279495246807,0.00048655362423408595,0.0002289618975142463,-4.139590044661409e-05
CO2,4.2575,gpboost_exact,16,0.000448416557471,0.00047359173502963854,0.00010010077813698918,2.517517755863853e-05
CO2,4.2575,gpboost_exact,44,0.0008167661169913,0.0008924606317189564,0.00010399128836400772,7.56945147276564e-05
CO2,4.2575,gpboost_exact,79,0.001234193245308,0.0010147892915783527,0.00010449279320000908,-0.0002194039537296473
CO2,4.2575,gpboost_exact,67,0.000874259475031,0.000898894955939647,9.808000996872026e-05,2.4635480908647063e-05
CO2,4.2575,gpboost_exact,34,0.0012419884484642,0.0012214714226340124,0.00010278690695582854,-2.051702583018766e-05
CO2,4.2575,gpboost_exact,30,0.0010266959137267,0.0008095428837062448,0.0001127744641227418,-0.00021715303002045518
CO2,4.2575,gpboost_exact,58,0.0009108233892777,0.0007834551738665387,9.771592107869856e-05,-0.00012736821541116123
CO2,4.2575,gpboost_exact,74,0.0002674936111194,0.0002929750719181638,9.956067917782404e-05,2.5481460798763833e-05
CO2,4.2575,gpboost_exact,85,0.0009284151422881,0.0007554677322681202,0.0001070900352208842,-0.00017294741001997978
CO2,4.2575,gpboost_exact,54,0.0007564991878711,0.000764651441076734,0.00010524502398167667,8.152253205634071e-06
CO2,4.2575,gpboost_exact,49,0.0004576422307921,0.00014772767279754744,0.00010087056560410531,-0.0003099145579945526
CO2,4.2575,gpboost_exact,6,0.0010532732479762,0.0009376686644563428,0.00010446810205256062,-0.00011560458351985727
CO2,4.2575,gpboost_exact,87,0.0006072352608165,0.0005565170793730555,9.314368989649385e-05,-5.071818144344452e-05
CO2,4.2575,gpboost_exact,11,0.0006905215452251,0.0008087424618233001,0.00010289903814187932,0.00011822091659820005
CO2,4.2575,gpboost_exact,82,0.0008435767828161,0.0008542256124836054,9.422017509059926e-05,1.0648829667505417e-05
CO2,4.2575,gpboost_exact,41,0.000884694782842,0.0010406248371985592,9.419386540108185e-05,0.00015593005435655916
CO2,4.2575,gpboost_exact,22,0.0004915712392629,0.00036085114379807564,0.00010096244009091945,-0.00013072009546482433
CO2,4.2575,gpboost_exact,19,0.0006620139502134,0.0007027915378629866,9.48351351931336e-05,4.077758764958663e-05
CO2,4.2575,gpboost_exact,35,0.000769117727912,0.0006993540476357985,0.00010990903646885758,-6.97636802762015e-05
CO2,4.2575,gpboost_exact,64,0.0009849634566248,0.0008053531879519299,0.00010080673092615522,-0.00017961026867287005
CO2,4.2575,gpboost_exact,47,0.0007731978477948,0.0006878986378348664,0.00010348338015823069,-8.52992099599336e-05
CO2,4.2575,gpboost_exact,12,0.0011232914345941,0.0012004450177077316,8.816029323153235e-05,7.715358311363154e-05
CO2,4.2575,gpboost_exact,53,0.0009321312911802,0.0009984448878578693,0.00010237097777345717,6.631359667766932e-05
CO2,4.2575,gpboost_exact,14,0.0006178114649751,0.0006139768188578059,9.564305658570725e-05,-3.834646117294085e-06
CO2,4.2575,gpboost_exact,13,0.0009457562671271,0.0010574143636594064,0.0001082518659882698,0.0001116580965323064
CO2,4.2575,gpboost_exact,66,0.0012384664371058,0.001305860327452054,0.00010263533976342513,6.739389034625398e-05
CO2,4.2575,gpboost_exact,36,0.0008510523670072,0.0009154360355455807,0.00010635332095666034,6.438366853838079e-05
CO2,4.2575,gpboost_exact,65,0.0013569087938096,0.0013571831273279738,0.00010679125718248322,2.743335183737032e-07
CO2,4.2575,gpboost_exact,77,0.0010876902136409,0.0010899459784382893,9.904333349909299e-05,2.2557647973893164e-06
CO2,4.2575,gpboost_exact,8,0.0010682817343579,0.0010887375533283324,0.00010849935110138542,2.0455818970432438e-05
CO,4.6625,gpboost_exact,16,0.0008898313705856,0.0009596714033240357,0.00013847919678415128,6.984003273843571e-05
CO,4.6625,gpboost_exact,44,0.0012505681248146,0.0010632062637807773,0.00014205998521383268,-0.00018736186103382262
CO,4.6625,gpboost_exact,79,0.0020394161559774,0.0019129244540004213,0.00014360071611849588,-0.00012649170197697856
CO,4.6625,gpboost_exact,67,0.0014822693080738,0.0014994239615787736,0.00013705024986896582,1.715465350497357e-05
CO,4.6625,gpboost_exact,34,0.0016589322132285,0.0014575670216390095,0.00014190999588621517,-0.0002013651915894906
CO,4.6625,gpboost_exact,30,0.0014120535064834,0.0012329594960558145,0.0001479159851867729,-0.00017909401042758553
CO,4.6625,gpboost_exact,58,0.0012804044925534,0.0012237611691060515,0.00013808818789544266,-5.664332344734843e-05
CO,4.6625,gpboost_exact,74,0.0005384871066608,0.0006182363778262746,0.00013912713149904167,7.974927116547457e-05
CO,4.6625,gpboost_exact,85,0.0013447600351881,0.0011027979699846898,0.0001462457602690371,-0.00024196206520341024
CO,4.6625,gpboost_exact,54,0.0011368622753719,0.0011658781448521324,0.00014426648008551124,2.901586948023246e-05
CO,4.6625,gpboost_exact,49,0.0008315852725221,0.0005647335417568426,0.00014078778556886798,-0.00026685173076525736
CO,4.6625,gpboost_exact,6,0.0014282561003885,0.0014727847079101634,0.00014359540699866374,4.452860752166346e-05
CO,4.6625,gpboost_exact,87,0.0011358868758682,0.001084323021372613,0.00013190313537055719,-5.156385449558705e-05
CO,4.6625,gpboost_exact,11,0.001260590455738,0.001286718181928564,0.000144127013895435,2.6127726190563983e-05
CO,4.6625,gpboost_exact,82,0.0013003274561291,0.0013002971528473714,0.00013397273583665885,-3.030328172854563e-08
CO,4.6625,gpboost_exact,41,0.0013624066106145,0.0014468767180826425,0.0001348904001178671,8.447010746814258e-05
CO,4.6625,gpboost_exact,22,0.0010603865524838,0.0008378457591200362,0.00014023431646848595,-0.0002225407933637638
CO,4.6625,gpboost_exact,19,0.0009937947956338,0.0010441890126089324,0.00013432546927470343,5.039421697513235e-05
CO,4.6625,gpboost_exact,35,0.0013486583599704,0.0011311358157568055,0.0001485425775432032,-0.00021752254421359449
CO,4.6625,gpboost_exact,64,0.0013745296978767,0.0013031195821411395,0.00014037101496557088,-7.141011573556051e-05
CO,4.6625,gpboost_exact,47,0.0013416841308068,0.0013632389764186583,0.00014313583088556314,2.155484561185833e-05
CO,4.6625,gpboost_exact,12,0.0014993481287122,0.001588952067882593,0.00012726130646101066,8.96039391703931e-05
CO,4.6625,gpboost_exact,53,0.00151925735884,0.0015726736113534424,0.00014319451437101437,5.341625251344237e-05
CO,4.6625,gpboost_exact,14,0.0010192215774085,0.001011206888741017,0.00013513042304032,-8.014688667483047e-06
CO,4.6625,gpboost_exact,13,0.0014406379095986,0.001458564442607678,0.00014551845405770823,1.7926533009077986e-05
CO,4.6625,gpboost_exact,66,0.0017526738562971,0.001831072984228061,0.0001422187037806317,7.839912793096101e-05
CO,4.6625,gpboost_exact,36,0.0014341906206508,0.001597591744041318,0.00014565929196791447,0.00016340112339051794
CO,4.6625,gpboost_exact,65,0.0017729172090857,0.0017249953732671429,0.00014730184415255243,-4.792183581855719e-05
CO,4.6625,gpboost_exact,77,0.0014919804691879,0.0014964529278456051,0.00013864818279135047,4.472458657705071e-06
CO,4.6625,gpboost_exact,8,0.0016809007111368,0.0016152642729612876,0.00014877555903245116,-6.563643817551236e-05
SO2,7.25,gpboost_exact,16,0.0018627467030561,0.0017610145021383064,0.00015803331246776664,-0.00010173220091779368
SO2,7.25,gpboost_exact,44,0.0013668708945286,0.0014750791993222772,0.00016255934530802843,0.00010820830479367732
SO2,7.25,gpboost_exact,79,0.0018978879101844,0.0015990208654396737,0.0001642295174910194,-0.00029886704474472634
SO2,7.25,gpboost_exact,67,0.001339972861144,0.00136601868647822,0.00015590668887817725,2.604582533422017e-05
SO2,7.25,gpboost_exact,34,0.0017930759952514,0.001925304727412181,0.00016193512197133712,0.00013222873216078086
SO2,7.25,gpboost_exact,30,0.001391427657965,0.001369905538023444,0.00017224039342646376,-2.1522119941555983e-05
SO2,7.25,gpboost_exact,58,0.0011732998295954,0.001196251272083754,0.00015608477742008482,2.2951442488353905e-05
SO2,7.25,gpboost_exact,74,0.0011813741956234,0.001246442145159982,0.00015804340103984886,6.506794953658199e-05
SO2,7.25,gpboost_exact,85,0.00145668961719,0.001346194883289186,0.0001673797008366219,-0.00011049473390081408
SO2,7.25,gpboost_exact,54,0.0016433816178148,0.0017807661147451292,0.00016486048935113504,0.0001373844969303293
SO2,7.25,gpboost_exact,49,0.0018403812708613,0.0013054604445378972,0.00015977536645065302,-0.0005349208263234029
SO2,7.25,gpboost_exact,6,0.0015247801296532,0.0013053570624088503,0.00016387785402847472,-0.00021942306724434969
SO2,7.25,gpboost_exact,87,0.0019786384220634,0.0018560068414872756,0.00015000940887687308,-0.00012263158057612428
SO2,7.25,gpboost_exact,11,0.0017647095900785,0.0019460541163419992,0.00016306507509696326,0.0001813445262634991
SO2,7.25,gpboost_exact,82,0.0014906229029284,0.0013782829457409365,0.00015139208737478818,-0.00011233995718746355
SO2,7.25,gpboost_exact,41,0.001894659629275,0.001972009343303337,0.0001517454429548228,7.734971402833688e-05
SO2,7.25,gpboost_exact,22,0.0019200972749013,0.001699563204533605,0.00015992410914241845,-0.00022053407036769506
SO2,7.25,gpboost_exact,19,0.001083860548082,0.001112105257016758,0.0001520075258407927,2.824470893475809e-05
SO2,7.25,gpboost_exact,35,0.0011630354389349,0.001082425208549411,0.0001706545075442813,-8.061023038548895e-05
SO2,7.25,gpboost_exact,64,0.0017792518423743,0.0020369370816416326,0.00015938637746760017,0.00025768523926733263
SO2,7.25,gpboost_exact,47,0.0020093375578626,0.0018124116368420156,0.00016305669709833762,-0.00019692592102058416
SO2,7.25,gpboost_exact,12,0.0017344423376133,0.0018144611114299621,0.00014388247400768636,8.001877381666207e-05
SO2,7.25,gpboost_exact,53,0.0015145056920183,0.0015493839831494669,0.00016209037932038772,3.487829113116682e-05
SO2,7.25,gpboost_exact,14,0.0012351000082544,0.0012659968776937442,0.00015370954319918821,3.089686943934418e-05
SO2,7.25,gpboost_exact,13,0.0016286703522403,0.001683799418303698,0.00016783572668462423,5.512906606339814e-05
SO2,7.25,gpboost_exact,66,0.0017179735788256,0.0016799436497249342,0.00016194512760739355,-3.802992910066595e-05
SO2,7.25,gpboost_exact,36,0.002127037649904,0.002022635956160975,0.00016647931570873945,-0.00010440169374302489
SO2,7.25,gpboost_exact,65,0.0018101725053737,0.0018264649643127111,0.00016786310257168447,1.6292458939011142e-05
SO2,7.25,gpboost_exact,77,0.0015571387462016,0.0015659720489398434,0.0001572274158683384,8.833302738243303e-06
SO2,7.25,gpboost_exact,8,0.0014280827408264,0.0013842123518641933,0.0001697867449726209,-4.3870388962206734e-05
C2H2,7.5,gpboost_exact,16,0.0019873126385247,0.0018484752202216092,0.00016535927775817991,-0.00013883741830309068
C2H2,7.5,gpboost_exact,44,0.0014284091339124,0.0015422729378558788,0.00017182255776832135,0.0001138638039434787
C2H2,7.5,gpboost_exact,79,0.0019769639626472,0.0016614606124454455,0.00017241285283356575,-0.0003155033502017543
C2H2,7.5,gpboost_exact,67,0.0014209011498016,0.0014501928482023403,0.00016195997425887031,2.9291698400740317e-05
C2H2,7.5,gpboost_exact,34,0.0018677612208812,0.002023606892218654,0.00016980429210345749,0.00015584567133745389
C2H2,7.5,gpboost_exact,30,0.0014787230643552,0.001484180537047595,0.00018543407606210716,5.457472692395153e-06
C2H2,7.5,gpboost_exact,58,0.0012491133510237,0.0012709045496283467,0.0001616901310759501,2.179119860464679e-05
C2H2,7.5,gpboost_exact,74,0.0012473329807591,0.0012980445141107227,0.00016463863826791307,5.0711533351622574e-05
C2H2,7.5,gpboost_exact,85,0.001513938009824,0.0013907819415124654,0.00017674173407112057,-0.00012315606831153451
C2H2,7.5,gpboost_exact,54,0.0017105922055444,0.0018782448721575622,0.00017402001700994254,0.00016765266661316214
C2H2,7.5,gpboost_exact,49,0.0019376858828401,0.0013508283803641294,0.00016692122573827982,-0.0005868575024759706
C2H2,7.5,gpboost_exact,6,0.0015910413447699,0.00138216869781628,0.00017267539815205477,-0.00020887264695361994
C2H2,7.5,gpboost_exact,87,0.0021086676526267,0.0019676628739135624,0.0001539904183095465,-0.0001410047787131375
C2H2,7.5,gpboost_exact,11,0.0018118334750127,0.002035227919281124,0.00017051290603369408,0.00022339444426842394
C2H2,7.5,gpboost_exact,82,0.0015623684029276,0.0014496795464187062,0.0001559445240412739,-0.00011268885650889387
C2H2,7.5,gpboost_exact,41,0.0019977187458711,0.0020817508168441325,0.000155965421041773,8.403207097303252e-05
C2H2,7.5,gpboost_exact,22,0.0019784970908778,0.0017689342275595348,0.00016656279268335592,-0.00020956286331826534
C2H2,7.5,gpboost_exact,19,0.0011491254778107,0.0011892729525606659,0.00015663958431958068,4.014747474996583e-05
C2H2,7.5,gpboost_exact,35,0.0012311353166629,0.0011788343419378551,0.00018139888094839774,-5.230097472504495e-05
C2H2,7.5,gpboost_exact,64,0.001848351027975,0.0021174076657817227,0.00016671096960100306,0.00026905663780672274
C2H2,7.5,gpboost_exact,47,0.0021365322340386,0.001936697885124319,0.0001712342104836099,-0.00019983434891428123
C2H2,7.5,gpboost_exact,12,0.0018074189223634,0.0018846194223260694,0.00014631484034409247,7.72004999626695e-05
C2H2,7.5,gpboost_exact,53,0.0016044593848024,0.0016286307599061418,0.00016972819166371743,2.417137510374182e-05
C2H2,7.5,gpboost_exact,14,0.0013141874727142,0.0013404020686371785,0.00015777206329698932,2.6214595922978597e-05
C2H2,7.5,gpboost_exact,13,0.0017039559393506,0.0017484350741476685,0.00017837541248893156,4.447913479706852e-05
C2H2,7.5,gpboost_exact,66,0.0018033250888484,0.0017785012700588948,0.00016956969303635826,-2.4823818789505153e-05
C2H2,7.5,gpboost_exact,36,0.0022442314197389,0.002109401079838117,0.0001759635172005655,-0.00013483033990078315
C2H2,7.5,gpboost_exact,65,0.0018789696678185,0.001928230436269291,0.00017662021559304616,4.9260768450791036e-05
C2H2,7.5,gpboost_exact,77,0.0016329718238216,0.0016575665345424768,0.00016377653871533414,2.459471072087686e-05
C2H2,7.5,gpboost_exact,8,0.0015223904255996,0.0014807004914541846,0.0001797048592937691,-4.1689934145415454e-05
PH3,10.0,gpboost_exact,16,0.0037571002139655,0.003933439687451824,0.0003148341612268355,0.00017633947348632412
PH3,10.0,gpboost_exact,44,0.003352686610179,0.0039593575400776885,0.00031778852022956104,0.0006066709298986886
PH3,10.0,gpboost_exact,79,0.0042567661902771,0.0037644029480713567,0.0003211699086640072,-0.0004923632422057433
PH3,10.0,gpboost_exact,67,0.0028244430141325,0.0030589860381663955,0.0003145042842429364,0.00023454302403389535
PH3,10.0,gpboost_exact,34,0.0044875784861494,0.004309041365662978,0.00031864755696319244,-0.00017853712048642237
PH3,10.0,gpboost_exact,30,0.0028805789630242,0.002879079716543193,0.0003218410903487044,-1.4992464810069037e-06
PH3,10.0,gpboost_exact,58,0.0028270615423082,0.0030146598762318833,0.0003162893688778977,0.00018759833392368317
PH3,10.0,gpboost_exact,74,0.0035170492627663,0.003318827938451324,0.0003169525554346397,-0.00019822132431497608
PH3,10.0,gpboost_exact,85,0.0036750740721436,0.003580605615621945,0.00032339392550674264,-9.446845652165501e-05
PH3,10.0,gpboost_exact,54,0.0042783820850186,0.003962356343095697,0.00032066741899193957,-0.0003160257419229026
PH3,10.0,gpboost_exact,49,0.0031596654687111,0.003322397818743333,0.0003187218645462557,0.00016273235003223287
PH3,10.0,gpboost_exact,6,0.0039618926038968,0.003772931788318883,0.0003204750352718051,-0.00018896081557791657
PH3,10.0,gpboost_exact,87,0.0039487149348729,0.0038433780740236927,0.00031078323683174554,-0.0001053368608492076
PH3,10.0,gpboost_exact,11,0.0041187497968099,0.004064053497316888,0.00032255378495629387,-5.46962994930119e-05
PH3,10.0,gpboost_exact,82,0.0036600160633989,0.0034925241107293965,0.000312881492946348,-0.0001674919526695037
PH3,10.0,gpboost_exact,41,0.0038965250044947,0.003924117596142841,0.00031335305446790696,2.7592591648141398e-05
PH3,10.0,gpboost_exact,22,0.0039051396065412,0.003575303782944869,0.0003188632799018519,-0.000329835823596331
PH3,10.0,gpboost_exact,19,0.0028380991474771,0.0030857541101451296,0.00031345804155648196,0.0002476549626680294
PH3,10.0,gpboost_exact,35,0.0027649717090052,0.0028453579297566694,0.00032495653278150164,8.038622075146962e-05
PH3,10.0,gpboost_exact,64,0.0045951366219054,0.004387083218379701,0.0003178206813100947,-0.00020805340352569868
PH3,10.0,gpboost_exact,47,0.00418338872623,0.004155565321385986,0.0003202145257142803,-2.7823404844013952e-05
PH3,10.0,gpboost_exact,12,0.0043105950465773,0.0040726328226347325,0.0003058531126591889,-0.00023796222394256716
PH3,10.0,gpboost_exact,53,0.0033751084546358,0.003491691465984642,0.00032083049908822466,0.00011658301134884197
PH3,10.0,gpboost_exact,14,0.0030018058312738,0.0031927973963874114,0.0003145986034929195,0.00019099156511361145
PH3,10.0,gpboost_exact,13,0.0037974209744727,0.0038962388234148096,0.00032058037136668865,9.88178489421095e-05
PH3,10.0,gpboost_exact,66,0.0034878217915339,0.0035876552527999254,0.0003202004709647576,9.98334612660255e-05
PH3,10.0,gpboost_exact,36,0.0043728075273539,0.004063952534989995,0.00032224092368034657,-0.00030885499236390536
PH3,10.0,gpboost_exact,65,0.0044926316176491,0.004202636348246501,0.00032520757229748815,-0.0002899952694025987
PH3,10.0,gpboost_exact,77,0.0038039940828008,0.003939412012362229,0.0003162832099888612,0.00013541792956142922
PH3,10.0,gpboost_exact,8,0.0030684787739488,0.003134234594211702,0.00032559055641993997,6.575582026290211e-05
NH3,10.5,gpboost_exact,16,0.0034381303582747,0.0036199171170704352,0.0003223776236423438,0.0001817867587957352
NH3,10.5,gpboost_exact,44,0.0032431309609603,0.003526678514794629,0.0003294453686696949,0.00028354755383432897
NH3,10.5,gpboost_exact,79,0.0038077858809969,0.003397389164859758,0.0003312837170454781,-0.00041039671613714215
NH3,10.5,gpboost_exact,67,0.0023585978996256,0.0024184125175562184,0.0003194066715476111,5.981461793061818e-05
NH3,10.5,gpboost_exact,34,0.0043122794769539,0.004060253738570819,0.0003289300629321157,-0.0002520257383830807
NH3,10.5,gpboost_exact,30,0.0023953971612157,0.002375120835454612,0.0003419141429375475,-2.0276325761088305e-05
NH3,10.5,gpboost_exact,58,0.0022589065134169,0.002367992249821054,0.0003208397893575074,0.00010908573640415389
NH3,10.5,gpboost_exact,74,0.0027862341169026,0.0027993114305670695,0.0003230561493068019,1.3077313664469625e-05
NH3,10.5,gpboost_exact,85,0.0037832564641639,0.0036009820132189693,0.0003369673447734185,-0.00018227445094493077
NH3,10.5,gpboost_exact,54,0.003834171247769,0.003731635470386803,0.00033361085159399966,-0.0001025357773821972
NH3,10.5,gpboost_exact,49,0.0032720575125728,0.003157325288604226,0.00032586673219059094,-0.00011473222396857392
NH3,10.5,gpboost_exact,6,0.003508121603472,0.0036009215483690364,0.0003319531930557092,9.279994489703623e-05
NH3,10.5,gpboost_exact,87,0.0034565694826618,0.003390638126123736,0.00030888511846844605,-6.59313565380638e-05
NH3,10.5,gpboost_exact,11,0.0039808448895644,0.004048548212534607,0.00033212000913523953,6.770332297020669e-05
NH3,10.5,gpboost_exact,82,0.0031348711322948,0.0029739560027240187,0.0003121664640644554,-0.00016091512957078138
NH3,10.5,gpboost_exact,41,0.0032538510397408,0.003447317153545373,0.00031420947900296086,0.00019346611380457318
NH3,10.5,gpboost_exact,22,0.0041092190551417,0.0036775732212485433,0.0003253616448394194,-0.0004316458338931568
NH3,10.5,gpboost_exact,19,0.0022697679666854,0.0025155648683818825,0.00031328687303293666,0.0002457969016964826
NH3,10.5,gpboost_exact,35,0.0022816835734744,0.002403911616398569,0.0003411461914767955,0.00012222804292416883
NH3,10.5,gpboost_exact,64,0.004463740376305,0.0041057115564546234,0.00032571079710308286,-0.00035802881985037664
NH3,10.5,gpboost_exact,47,0.0037378503164738,0.0036401805184106883,0.00033090584376940584,-9.766979806311157e-05
NH3,10.5,gpboost_exact,12,0.0037421911308757,0.0035136000841731623,0.0002984774959350406,-0.00022859104670253788
NH3,10.5,gpboost_exact,53,0.0028030225672732,0.002879262393593266,0.00033058098724411867,7.623982632006627e-05
NH3,10.5,gpboost_exact,14,0.0024280840328512,0.0024850913898790974,0.00031549228258631373,5.700735702789724e-05
NH3,10.5,gpboost_exact,13,0.0032591466425823,0.003496612254909372,0.0003365601054463004,0.00023746561232707193
NH3,10.5,gpboost_exact,66,0.002982616088949,0.0029719452596036317,0.00032952188931791195,-1.0670829345368373e-05
NH3,10.5,gpboost_exact,36,0.0036258967052256,0.003497306786292751,0.00033594677038191397,-0.00012858991893284922
NH3,10.5,gpboost_exact,65,0.004358903388093,0.003986567576240698,0.00033860494760330295,-0.0003723358118523021
NH3,10.5,gpboost_exact,77,0.0031425344949543,0.0033415691526145095,0.0003220177556374186,0.00019903465766020955
NH3,10.5,gpboost_exact,8,0.0025276627685258,0.00250032696929377,0.00034162430613324544,-2.733579923202981e-05
