Kzz, Rp, Tint, C, N, O, S, logg, f 
9.74066618769418,0.987288722046104,304.090700644828,-9.71244506613192,-9.69001528817933,-9.07011446448608,-4.99568676232019,3.14211318490219,0.5
10.2361008249445,0.956747656369842,325.32306313245,-8.50631982568772,-9.74516591156516,-9.96083450114692,-11.1338654040085,3.17310225600266,0.5
9.26165878527875,1.00121425121474,89.2176260222601,-10.4735434345776,-2.29406301826337,-4.94740113151236,-4.67631669869327,3.17300793393592,0.5
11.1183921841899,0.988224751664571,325.186468286835,-3.56257003843698,-3.67811063513043,-6.88897885044968,-4.41150995013361,3.13194846121684,0.5
11.2262814114313,0.970697540278811,123.885656171991,-5.30510830609663,-7.62315375060344,-7.87361385707114,-5.63850046308064,3.16498376417189,0.5
8.88777105827218,1.06856492543009,50.3481040985312,-11.2404357736365,-5.13439213925532,-1.22908628451818,-3.8838149031987,3.16649851703088,0.5
8.69467666427848,1.04176385173771,193.012126779032,-11.9545308248563,-11.003921379426,-9.4876924570213,-6.76024862721969,3.15733699805201,0.5
11.2412355803849,1.02638613149124,294.327940594564,-1.83077902951071,-11.4434513077262,-10.5212748474156,-6.61984759440396,3.14337298434569,0.5
10.9906106599578,0.969411943272913,56.0083430264458,-5.29047759851067,-6.11316879577967,-9.42406538148336,-3.37815808710047,3.14499504800194,0.5
8.14952487445799,0.978483268131994,235.944801000055,-1.44728736901958,-8.06493913306382,-2.70821749236632,-1.46450708592219,3.15038834251169,0.5
8.21010120868299,1.06049434710692,214.536127573474,-9.94084926590684,-11.7719877482238,-7.81515642433228,-4.3964950549474,3.12093151250886,0.625487934645511
8.18529381023413,1.00961674901302,47.0824736752409,-3.90526571840662,-7.58050253287428,-8.94606847298045,-11.5808170872932,3.14509004638376,0.399690164668202
9.17370944955578,0.989250664665925,122.250527383757,-2.30389181152136,-1.45293547596911,-7.38700818792968,-9.14070708898719,3.15219027929705,0.298574337961131
10.3757827908898,0.946649244049452,274.531129006178,-8.73349829616625,-1.12872212780812,-8.39521493900769,-8.28379332349689,3.14052838885453,0.465715778131309
9.40872312670652,1.02826431747262,67.0909941126538,-10.4335653750148,-10.2173893118191,-7.1359563365388,-9.96971264063866,3.13965322258466,0.613148292377864
10.7662161662228,0.932272712969952,179.117113371966,-11.6201914819333,-8.85171353484937,-7.70613152643709,-7.43819745017028,3.13872684623583,0.378607937380069
10.8746642566288,0.990312355548054,376.889945807069,-4.82556022189834,-1.42816190334092,-1.79471749761554,-1.74294242656261,3.15566047703025,0.637994590725554
8.38920826507827,1.01087907069883,349.400879770437,-11.0965767202462,-4.14912557893765,-1.75732966240841,-11.4109025339084,3.14942222573087,0.420026361982134
8.06392189758183,0.979683525505065,266.467346659979,-3.19381973490922,-6.41719458278139,-7.26415170438837,-8.66507283301575,3.13291614221702,0.592305735650606
10.5799294005121,1.00351628574938,207.717072242119,-5.74238962487746,-3.18004635272401,-8.0605881622393,-2.50831364388027,3.1642294796111,0.557466745974852
10.1188103946691,1.03786357436896,221.981205609502,-3.73346657067617,-1.68229053680999,-6.37488285847243,-2.90123780685389,3.13886326351959,0.636598142011678
11.2550995069551,1.01172841351057,273.893765168177,-6.86246451212379,-1.3151259052039,-2.57396955577602,-11.6830027767304,3.13703822234005,0.508063552997742
8.65516174452745,1.01490956535772,155.667334143401,-4.21566962262817,-10.8144479996333,-11.4689183441619,-10.9589229321115,3.16295863500759,0.314878645124421
11.4524637483433,1.00825938118586,183.283698451146,-2.81249299191118,-11.5161321368865,-5.80965545987712,-1.61018343404485,3.1422586417725,0.515403838094948
8.95409975607559,1.03427926042833,78.6934112134612,-1.68101643825295,-4.87710662363475,-8.87447247963494,-6.59049529463237,3.14399294361054,0.318393482043623
8.29586830848291,1.0053546647159,330.557114353783,-4.40053852303352,-5.82933222579517,-8.53018951474135,-11.5261040489322,3.1576875045072,0.428142560134555
9.02999933870284,1.02414048331518,289.001407404209,-2.4647445828812,-7.45007653905176,-3.35992068981263,-2.83788960686691,3.12527413919348,0.363583113557655
10.447415159268,1.03360847785916,83.2611075863718,-1.23196091241329,-6.84588785580136,-2.77301428592158,-3.66018532301406,3.12994994021216,0.47823741416782
9.57208662372409,0.973518739017256,283.941222917365,-3.46832089207448,-10.5957264808623,-3.64006131923461,-10.7153647437108,3.12891618582451,0.658331589356589
10.5480869513735,1.00287794699798,303.737432409948,-5.67916639069254,-3.61637148314424,-10.6694649821711,-2.99779613363649,3.11019165700552,0.570821135104017
10.138611731884,0.991325405208942,32.8288519760568,-1.33540938518023,-8.24580657660527,-1.12746978903397,-4.05160594931356,3.16088894625129,0.529476256186197
8.50142711838918,1.03637018428017,245.786695813579,-9.09065780039361,-1.83092367045125,-5.49306839109754,-7.99233880065034,3.11705809833711,0.591501281628257
10.2537430573472,0.96159115078461,135.712668029061,-9.53505717537896,-3.40875537505323,-6.99243569125908,-1.96190502991164,3.11506493876025,0.32692885528222
10.6581922180194,1.01709244818859,225.484757296225,-1.03027672080715,-6.60431645315394,-7.96476625333773,-10.3816543032398,3.15932994042201,0.38670160599767
11.0622254049686,0.995590398760071,394.291851834307,-6.21602678135114,-10.4929230616887,-11.2439340135362,-7.28034312514086,3.15649340787527,0.357651455658835
8.12946651832245,0.990585783885472,320.122137563272,-8.42490482717169,-9.19494449779817,-9.87396675027824,-6.45401514607782,3.15974025429138,0.459594813163751
8.62158102317285,1.0131077170538,352.597055361872,-7.00744661100708,-11.6033034591992,-8.25066175790213,-5.29937155080686,3.16561890232119,0.343046991857768
9.96784016440491,0.976660123184037,379.752822751354,-9.34221066711158,-10.1243956789526,-3.01766852604582,-11.315247495335,3.12005060269215,0.471731690842477
8.98376202296505,0.977852404854051,145.001661431324,-7.91860357362949,-2.53335695776337,-11.9124511683066,-11.85826924601,3.12836808097953,0.57282477404381
10.9731425644294,1.0526778795904,367.205101881578,-4.02353631288735,-10.4306894943901,-10.3032094971069,-10.5723057422581,3.15423274262829,0.61751742195579
9.76551781990276,0.993812818491276,127.969202847045,-4.87758068754181,-2.68853018184294,-3.80964991868174,-5.86307143502215,3.17954758728652,0.497591357066107
9.3597028050771,0.983617500545677,94.6429316079989,-10.8067280813338,-2.57724602410307,-11.8215108235707,-5.47451260943144,3.1484162282623,0.31035284998755
9.52158262452797,1.04381570576687,356.77776748831,-5.60445383005113,-11.9773815998243,-4.67612236649038,-1.27425384618573,3.16959891460127,0.37258257368786
11.026222328007,1.08341262502439,203.200471610946,-2.08798205523052,-3.78867558624581,-3.2705414536161,-9.61879461992903,3.15351204599508,0.564612793335872
9.20006336003566,0.997954962628711,168.852666076282,-2.55727896828096,-9.50676654595358,-5.96385907138811,-7.22730881022076,3.13733463762503,0.576837788917421
9.8263443303984,0.970333969502194,327.417264194495,-7.1156404248668,-11.274600368043,-1.07518846668588,-1.82025564314814,3.13773291827875,0.45060577331387
10.8394064496094,1.03979387331165,96.874072863604,-6.59182628063346,-9.97154918682748,-10.4414537567379,-7.74243671346462,3.16779699035822,0.288785583531897
9.62324009710553,0.999739747310778,384.585248021708,-3.06910789150906,-7.01715878862441,-7.5840513491976,-8.57215138426733,3.13567858986242,0.295644461736089
9.15462876897674,0.980979600681414,204.402772267812,-8.89773888529191,-4.39095619677773,-5.13611521597187,-9.06824971657044,3.12339326042358,0.596245585505409
9.70722049684354,1.01987301826659,73.3852285422746,-10.2266245573932,-3.91138903754707,-4.27834834818049,-2.31671895319334,3.1480363528166,0.411440605145139
8.83815843396625,0.951979594906396,138.876300165836,-8.304157979302,-8.27991042390922,-1.9597645005545,-4.12427219683536,3.15182746869649,0.389351267990854
9.80199405397274,0.960098991753493,244.138223921128,-1.20216712558027,-5.28710427737004,-2.28712997973533,-11.9476841610889,3.15508528999929,0.251611499621623
10.1737507443723,1.00921632007881,309.284734051277,-5.90886505872912,-8.50779693856215,-11.6632181665644,-4.90613926514233,3.17058931480233,0.546582622096083
9.06471314180473,1.04930641795867,174.000880190483,-4.43276899578759,-6.22126633546273,-4.98077512174472,-2.6029855932033,3.13519776011522,0.406047832017429
11.093018329088,0.98240067109201,39.7300035757153,-4.12140603453721,-7.71388620588789,-6.70945617252942,-4.61827498810948,3.15625900465976,0.383223871813689
10.6899497462336,0.974614846959968,397.505849972701,-5.03796378026063,-9.37469871002386,-9.35157972944387,-8.19123901682595,3.1342012111093,0.650676991475336
9.37379845489144,0.941695985728893,251.902526339531,-11.3431632325945,-7.93890098690356,-3.60972258234574,-1.21648092279916,3.16159217454365,0.350163521143406
10.9301768631327,1.0287597458867,338.388380167921,-6.64114262477304,-5.92632980671084,-6.10115013924471,-6.09886148763808,3.15295620775923,0.304870175267599
9.85959269232266,1.02299483063318,370.797111893374,-7.228456539644,-3.43980683091594,-4.04723972591059,-5.75023374415267,3.13431653082989,0.394157317026647
10.3169256446917,1.0323256969312,298.434189788659,-5.41136099450712,-4.9958594450707,-2.8901673567535,-10.5221565640632,3.13657540071486,0.622903380273894
9.24290679466747,0.986897802487281,237.692334873292,-5.11068541919856,-9.61250220547184,-3.96340748534621,-6.90627023049996,3.15460370813187,0.434780636417093
10.5909250352966,1.01883952998516,197.423200495163,-7.54512579721111,-6.73136560467047,-10.9250386538282,-2.70715798741543,3.12670339095488,0.322099612346608
10.4773854624542,0.97268519155411,35.1553898389824,-9.89850372786075,-4.43271652597577,-8.70292913286946,-10.3396214875703,3.13798830968202,0.442173184033907
8.93811954035387,0.997224765275515,101.409102505916,-11.8572189797078,-8.96742685508848,-9.22588768295634,-6.26646168655074,3.13152523686804,0.582374951683369
8.73438077204481,1.00419933584669,55.0361590674537,-8.93326072351227,-8.37555051516635,-4.33289304906287,-1.35943761685022,3.14561246413603,0.259165162481442
10.0179485242767,0.966047720190298,313.21989469874,-6.05945539351385,-4.81433717949601,-10.7189762726614,-11.1112501139006,3.15852423048252,0.5385282486965
10.4907644618244,1.02225624250687,177.823417157329,-7.48383129164056,-8.60217285297776,-9.70659456584288,-7.51083023470095,3.14293132991995,0.366740266883479
8.02538672040421,1.006870070265,42.5380747803287,-10.1066120687922,-7.86773866152175,-4.78911363732413,-3.44621630332814,3.1510591170135,0.524537113619944
8.74698525310088,1.00651424193131,152.036767194461,-5.24839522665805,-3.29182210201395,-5.71337721446239,-10.0792268977298,3.12965002603334,0.480346400403628
10.7590580512644,1.05387369980334,364.390016920139,-8.14457821458048,-1.01064574627405,-9.67923587537345,-4.20471092858209,3.18429097539599,0.484722138162194
11.489687959377,0.975901865557307,391.880854719658,-7.61221974318675,-6.36628604134493,-1.37660840164431,-7.62500373101921,3.11409312594328,0.64925841803941
8.86202864959839,1.02050695831868,187.22845458602,-6.48646079029195,-9.84424577273916,-5.2099009517071,-2.34821825245014,3.14984422817929,0.415188822317085
9.09728748180242,1.03039119146517,361.224744604283,-6.14448712616115,-10.7510117383298,-3.49755697961198,-5.98491288713199,3.15833987349002,0.256709136438714
9.45012771993769,0.995920260601479,216.070975632822,-11.7453581638721,-5.35717805497045,-2.39464952382161,-3.10462824247226,3.14059334366287,0.585062162620269
8.5770717025764,0.964017000828606,386.345777074385,-10.6491174941087,-9.25159075195785,-4.60554389425631,-8.82803997877822,3.16105126754186,0.470022464499341
9.50288534726489,0.940398722106432,116.113615088123,-10.3066858447557,-5.68439009497328,-5.88351202700269,-6.30983401400678,3.14452440418198,0.457611969617637
10.037776112832,0.902404312199101,257.768168280333,-3.214907855404,-3.02635540119949,-10.1327625913558,-4.77797548199334,3.17665251245357,0.517008859740212
9.92394969994839,0.992189930189192,113.884057794954,-9.42245430119462,-4.63388751386865,-4.18554782947137,-9.7123275031805,3.1489461206592,0.423522728559737
11.1961868301632,0.983756544227294,335.075716553837,-6.31809608853762,-2.06251853759357,-2.48201745810528,-9.47786724910423,3.15266317386845,0.274716140295629
8.52875398412153,0.992921721936292,252.523982600386,-8.66460928576245,-9.11565381836993,-6.8173275210587,-10.2260828834468,3.1632757585656,0.432514929656064
8.47701413791753,1.01619293126457,156.116805891037,-4.55730298042029,-2.33941465048454,-2.19542593800545,-1.01670624706866,3.1417384098398,0.277068565500097
9.6581731322187,1.01231051079557,131.283801616828,-4.66611593919188,-11.1112096024735,-11.7647543903201,-9.33737142267284,3.15142831274137,0.544196827885255
10.3907563814889,0.985001320852969,76.1863190408592,-2.12359296062518,-7.19591088215563,-6.43168077665051,-8.14410031088132,3.13081661205555,0.262894553762518
11.1575257488801,1.00035187692958,279.611319686126,-1.92089619797614,-6.64103987496553,-2.03134931223708,-6.97865781910288,3.14703234367949,0.644819223194317
8.32786556069339,0.994714541137783,318.004288650083,-1.59851856665591,-1.6272227722533,-6.23771049383883,-8.37648173998763,3.12416309841158,0.361529642641312
9.30583997924043,1.02620385210025,347.688543043412,-2.70137283054119,-6.05327197899661,-6.57295915102339,-3.85135254854313,3.13505392743416,0.666599727399691
11.4019081912646,0.99831709336767,342.29681365903,-11.1491161471724,-7.36131672342878,-10.0523651719818,-7.13548704738425,3.14616573258711,0.55229157580561
10.8218474711928,1.00185589609528,109.1542482523,-7.80791726311245,-10.2900504788745,-11.131381361636,-5.2074105141143,3.12567424101155,0.284601961648602
8.45332441697479,1.01420111511826,227.416058031239,-10.6855446880343,-8.74461363983604,-4.41231771223722,-9.41848732324549,3.13344235634855,0.401225220147117
8.27639500180526,1.01590003053179,288.764659656209,-3.79940565453274,-4.298763640565,-10.8063447219837,-7.82809583111292,3.13250042878719,0.610583375543816
11.3060826522362,0.948159015283798,63.065229516766,-6.81850080350593,-4.55067443796344,-11.046594540212,-9.8936753179324,3.14631178528116,0.495426071527244
9.58027327820149,0.967343623107165,268.265736369102,-7.37023554109519,-11.8129942363652,-7.2737185438498,-5.59264521309094,3.14662737763212,0.280628095779563
8.08636357244578,1.00503752009202,143.189456984712,-2.8875778952322,-2.91772572265996,-5.59060011529922,-8.71940544208619,3.1499021002151,0.630718969206207
9.9281986705999,1.04641399301214,165.2764212385,-11.5142786484742,-1.9283805949033,-1.48874675720414,-10.8808826556677,3.09818025289221,0.27021266757871
11.3918620592766,0.985838037634386,262.806171122212,-9.62916035375242,-5.56272040650159,-5.33447658221145,-8.92370625931088,3.12757775964858,0.661658043438806
11.3297619028087,1.02100360636659,191.2916448661,-8.2570759396988,-11.1408510837983,-11.3501635653886,-2.10197380999669,3.14347991397621,0.509738690710413
8.35498919479523,0.958690255694044,107.282267221338,-3.39548231945732,-7.10471186100228,-8.3512453501006,-3.60863766134193,3.12201292689142,0.602793974998483
