sample,fold,rmse_a,rmse_b,delta_rmse
0,2,0.03137115529253238,0.0367754880015828,0.00540433270905042
1,2,0.04022729321554291,0.029057224540517755,-0.011170068675025152
2,0,0.024105292915223127,0.029134417307643292,0.005029124392420165
3,1,0.045799221498315154,0.04167309144616052,-0.0041261300521546335
4,2,0.06221473918117038,0.03742465615791427,-0.02479008302325611
5,2,0.055551597600544754,0.12638705327933777,0.07083545567879301
6,1,0.05167086000780091,0.039052899436888486,-0.012617960570912426
7,0,0.1481455560190487,0.09699561857408041,-0.05114993744496828
8,0,0.07110974712276222,0.028190033978399615,-0.0429197131443626
9,4,0.0948677695006596,0.16590379321701032,0.07103602371635072
10,3,0.038233904483221164,0.06344020454826459,0.025206300065043423
11,2,0.050160856298742416,0.03947589817582511,-0.01068495812291731
12,4,0.07262874439621689,0.06928738629838646,-0.003341358097830427
13,0,0.0989242941513798,0.06447142346457085,-0.03445287068680894
14,3,0.05057525896618116,0.034672146656485964,-0.015903112309695197
15,2,0.06284530268251846,0.05298686379971684,-0.00985843888280162
16,0,0.13321644117744996,0.07357023739794095,-0.05964620377950901
17,2,0.07570416222293064,0.072203991217622,-0.0035001710053086388
18,1,0.09811296763323733,0.06933344057930331,-0.028779527053934023
19,3,0.0755015651440966,0.06038854801072303,-0.015113017133373575
20,3,0.032287518990693834,0.05338023868442597,0.021092719693732137
21,4,0.0602663223706923,0.0628335919582159,0.002567269587523603
22,0,0.08769489402560164,0.06945767535346999,-0.018237218672131655
23,2,0.03468442373151177,0.039537200586324386,0.00485277685481262
24,0,0.037897481716014515,0.05902189968773749,0.021124417971722972
25,4,0.07264542742174737,0.05265204215097921,-0.01999338527076816
26,0,0.06756498063685468,0.07309013093327453,0.0055251502964198534
27,1,0.13883870439198734,0.22456949929852485,0.08573079490653751
28,2,0.06310835471101259,0.06932622161854174,0.0062178669075291515
29,3,0.03067096357925098,0.0480183475545597,0.01734738397530872
30,0,0.3784165613898368,0.3806069845843714,0.0021904231945346075
31,3,0.03373663020627948,0.03647725115072804,0.00274062094444856
32,3,0.0629702455344218,0.07435577629160729,0.011385530757185486
33,0,0.13637036904321226,0.10593005330852705,-0.03044031573468521
34,2,0.03978241268266868,0.035006783604655416,-0.004775629078013266
35,2,0.036202421432519095,0.02949449925167846,-0.006707922180840636
36,4,0.024693080240220208,0.029571107184260363,0.004878026944040156
37,4,0.08402970093907741,0.09022811096714041,0.006198410028062998
38,2,0.07821394404168563,0.06257800306947668,-0.015635940972208953
39,4,0.036175773488295954,0.04302355669682846,0.006847783208532507
40,2,0.043363468961752735,0.0712866298703007,0.02792316090854796
41,2,0.16335731928433292,0.1465399239096938,-0.01681739537463911
42,2,0.08391127683484359,0.0874718124626798,0.0035605356278362033
43,1,0.11229068707658955,0.08163618797821674,-0.03065449909837281
44,4,0.07032567890297917,0.042984136489122624,-0.027341542413856543
45,1,0.21706779668830548,0.1428709037500825,-0.07419689293822299
46,4,0.042070180137693806,0.045890279509382154,0.003820099371688347
47,4,0.05916190516536509,0.06478081230779904,0.005618907142433953
48,1,0.02941142729676341,0.03159111311146812,0.002179685814704714
49,3,0.036897659183635724,0.05056835763748671,0.013670698453850987
50,2,0.09942682822763377,0.08669141113497292,-0.01273541709266085
51,1,0.2786220322164314,0.20788462128277937,-0.07073741093365202
52,3,0.04377581135804277,0.04614047361155719,0.0023646622535144213
53,0,0.08491680184331114,0.09975364657154707,0.014836844728235932
54,0,0.06612440789234897,0.06418594433562662,-0.0019384635567223502
55,0,0.034709621512704396,0.07577596186459,0.041066340351885604
56,1,0.11050732520798544,0.09554567211765227,-0.014961653090333163
57,3,0.06403407959189163,0.06812244231739499,0.004088362725503364
58,4,0.11072922385116678,0.058682328454216434,-0.05204689539695034
59,2,0.07321401878858019,0.10858260082846596,0.03536858203988577
60,1,0.07255097108353642,0.0796141448256276,0.007063173742091186
61,2,0.04686024552440583,0.047609154204894436,0.0007489086804886025
62,1,0.06244720827916543,0.04919454977116556,-0.013252658507999872
63,1,0.055709664944041545,0.03257281784901441,-0.023136847095027134
64,4,0.10027706083226844,0.09437520137066069,-0.0059018594616077474
65,4,0.035165206524689456,0.029024688359961935,-0.006140518164727521
66,0,0.02195180673017528,0.02507169567835859,0.003119888948183311
67,4,0.06786736154590665,0.05572254752615738,-0.012144814019749275
68,0,0.10180424266684511,0.04360430531002781,-0.0581999373568173
69,3,0.05402010823667323,0.050491082983131555,-0.003529025253541672
70,4,0.07321662006199467,0.08711322334738464,0.013896603285389969
71,0,0.07294831445569357,0.03985315566120048,-0.03309515879449309
72,3,0.09930664363082602,0.1099193557652267,0.010612712134400681
73,1,0.06291739852057877,0.06466289172743447,0.0017454932068557
74,3,0.03598333608144603,0.04500713867460075,0.009023802593154724
75,1,0.043001754366978416,0.05161070108131817,0.008608946714339753
76,3,0.07040765555429637,0.04439282054224779,-0.026014835012048584
77,4,0.032333943892686234,0.024299769763142017,-0.008034174129544217
78,0,0.05805214948200878,0.06352471785282764,0.005472568370818859
79,1,0.04648888586330113,0.030485769309236885,-0.016003116554064247
80,1,0.09798755114863544,0.17949260473484704,0.0815050535862116
81,0,0.09977819361738484,0.05403164135483443,-0.04574655226255041
82,3,0.09020072533666103,0.0710977325467043,-0.019102992789956724
83,4,0.2070729647458637,0.21331344221097479,0.006240477465111083
84,0,0.08249743304853226,0.06203606085193977,-0.020461372196592484
85,1,0.10519647100824449,0.11653060094303647,0.011334129934791978
86,1,0.0779729040467471,0.04746373701927822,-0.030509167027468885
87,4,0.04791955956512902,0.051709670686424035,0.0037901111212950145
88,2,0.03194112487810223,0.03862877845446763,0.006687653576365402
89,0,0.05433924995094478,0.0293497952792474,-0.02498945467169738
90,3,0.05615825568640513,0.06754088085085713,0.011382625164452001
91,3,0.029621038164805644,0.051617760511967044,0.0219967223471614
92,1,0.061015638704702134,0.062414097568961775,0.0013984588642596413
93,4,0.1635192087808794,0.137046220439298,-0.026472988341581377
94,3,0.03959973064981244,0.042337564468126115,0.0027378338183136758
95,3,0.028419305084212147,0.030825025952157636,0.00240572086794549
96,1,0.07926696691678002,0.056902197189020426,-0.022364769727759595
