wavelength,rho_b_production,rmse_hf_only,rmse_a,rmse_b,delta_rmse
2.4575,0.6865702162338909,0.12494158621596273,0.10855848296785559,0.13795759848001046,0.029399115512154878
2.4725,0.1553234159812099,0.0868033184624242,0.10566671332244225,0.10245112567821908,-0.003215587644223167
2.4875,0.0422614356740245,0.0791544386485678,0.1001498274743754,0.08438194664125011,-0.01576788083312529
2.5025,0.0400010665972936,0.07581234343635282,0.1113374676979701,0.08425962138492558,-0.02707784631304451
2.5175,0.001,0.08158308566322064,0.12364013890951821,0.09374289024133908,-0.029897248668179124
2.5325,0.001,0.11654114307161838,0.13470052264684904,0.12905733179561762,-0.005643190851231411
2.5475000000000003,0.001,0.10284033862344766,0.13083746238280558,0.11385815047880976,-0.01697931190399582
2.5625,0.001,0.1235090978216975,0.14305986775174917,0.12673701534297774,-0.016322852408771432
2.5775,0.001,0.09568379499507283,0.14021785379700688,0.1043328657126302,-0.03588498808437668
2.5925,0.001,0.0920579333019115,0.12825793060792898,0.10675512870923567,-0.021502801898693302
2.6075,0.001,0.08910831952947337,0.1291714525079092,0.09760831727980555,-0.03156313522810365
2.6225,0.0101181731531985,0.07841069184131115,0.1300066496147008,0.07970744769235333,-0.050299201922347464
2.6375,0.0201794290792107,0.06655317718084634,0.12784796961922168,0.07281783237073941,-0.05503013724848227
2.6525,0.001,0.10828739790265526,0.13361290974761697,0.12234401470069273,-0.011268895046924243
2.6675,0.1152243417059525,0.13686759827750108,0.1187288184698485,0.13189372935102203,0.013164910881173539
2.6825,0.0872318447602887,0.13376053465451315,0.1271276724529147,0.130703422960642,0.0035757505077272933
2.6975,0.0439409405328347,0.10729975380513687,0.1214647946883391,0.11297887427615254,-0.008485920412186557
2.7125000000000004,0.1661243214487763,0.12296491371799081,0.11634307254105188,0.11850632901622657,0.0021632564751746935
2.7275,0.1573683147166935,0.11928438169711664,0.13297006804940023,0.11773477923242096,-0.015235288816979276
2.7425,0.0901035973938499,0.12753762551182507,0.14487251679008353,0.12796563837306194,-0.016906878417021598
2.7575000000000003,0.1697556697302729,0.1399587924723379,0.14876651878308256,0.13807686964811794,-0.010689649134964618
2.7725,0.2153454694733294,0.14020533648765734,0.16933248451589145,0.1331470517535143,-0.03618543276237715
2.7875,0.4409769849433896,0.14607309740301996,0.1482785762247649,0.1447220517345199,-0.003556524490244989
2.8025,0.4155083304659774,0.14372559401898152,0.14376864814936127,0.1413535799182869,-0.0024150682310743743
2.8175,0.3264822510921747,0.15335374799774043,0.14586246687401774,0.138990490774847,-0.006871976099170757
2.8325,0.4565117914303452,0.152568757165466,0.17307928417817414,0.13630393872746913,-0.036775345450705016
2.8475,0.4700728500562446,0.1565022928754341,0.17501028035022992,0.13798328799364418,-0.03702699235658574
2.8625,0.2826089725576302,0.14589004735285926,0.16466698872032792,0.12911956613312203,-0.03554742258720589
2.8775,0.2726951587896854,0.13683885378472405,0.1710041523521591,0.1341188869963408,-0.03688526535581829
2.8925,0.3067116011084636,0.1353066909799343,0.1544331862305522,0.12171799767940622,-0.03271518855114597
2.9075,0.3165334158028365,0.13408936336739163,0.1610060152449721,0.11722514405461973,-0.04378087119035237
2.9225000000000003,0.3466431024721241,0.1256690435538112,0.1567075146755495,0.11071970115827451,-0.04598781351727499
2.9375,0.2183225493478424,0.09005225729753391,0.11600031367419288,0.10600947425800866,-0.009990839416184213
2.9525,0.2988290657731766,0.09105394636301536,0.1368837104993843,0.10584040100066212,-0.03104330949872218
2.9675,0.284487142373715,0.08471739645011007,0.1352645804031037,0.10806218994732641,-0.027202390455777298
2.9825,0.001,0.0803399032738668,0.13256113823956606,0.0868545602118591,-0.04570657802770696
2.9975,0.0875183154349133,0.08087432294733712,0.12425953138714786,0.08595130860056395,-0.03830822278658391
3.0125,0.0780073876338218,0.0862871220448858,0.1145901482268052,0.08610898293242676,-0.02848116529437844
3.0275,0.1117131920662629,0.05970871456097455,0.09954859092838902,0.05903337222013751,-0.04051521870825151
3.0425,0.1341126659570071,0.054959661417611314,0.09619748106323656,0.05381766316384109,-0.04237981789939547
3.0575,0.1621525723158074,0.0596368159163082,0.09555762694627105,0.06299021762285358,-0.03256740932341748
3.0725,0.2452086089658946,0.0650362771131261,0.09956203140181417,0.07492559181787375,-0.02463643958394042
3.0875000000000004,0.1434565366767383,0.06902560791133272,0.09101212254854658,0.0705924237353893,-0.020419698813157278
3.1025,0.188112287104371,0.08468646653073521,0.0857512911203836,0.08510499908147216,-0.0006462920389114363
3.1175,0.1548230068338343,0.08233318716087261,0.08168636228488135,0.07934856900605458,-0.002337793278826772
3.1325000000000003,0.1363524235799099,0.08198193529963556,0.08212646487525609,0.08279194238451043,0.0006654775092543447
3.1475,0.1477069809146948,0.08926230108748723,0.0960582932238281,0.08686537937123379,-0.009192913852594312
3.1625,0.1991234176381291,0.10121329998237066,0.1026617540863926,0.10460899292928792,0.001947238842895327
3.1775,0.1732995190926077,0.09742801984907118,0.1015423059215533,0.09480686134364673,-0.006735444577906577
3.1925,0.1523868765923787,0.08898830547333628,0.0881283725949138,0.08787626585552087,-0.00025210673939292383
3.2075,0.1547955519942173,0.10262562023871813,0.1007971694263767,0.09372425257801555,-0.007072916848361158
3.2225,0.2071219873646413,0.1044616297143029,0.09422875249736652,0.09578103465704256,0.0015522821596760383
3.2375,0.2086396278742045,0.10226428685145206,0.09561736910384774,0.10274638786089632,0.0071290187570485775
3.2525,0.2346333756944404,0.1036783600817208,0.09836287089450708,0.11179690532352951,0.013434034429022426
3.2675,0.1704267208897965,0.09767975574305111,0.10011170024951042,0.10251826382605653,0.002406563576546103
3.2825,0.1527013184881571,0.09176673607449046,0.09927102855753636,0.0961714542919123,-0.0030995742656240582
3.2975000000000003,0.0590186306343988,0.07666696959110826,0.10461338705552733,0.08790521511865057,-0.016708171936876764
3.3125,0.3891101459652474,0.11142705632432363,0.09494594856362874,0.11538637244140446,0.020440423877775712
3.3275,0.8967833075012611,0.1236661551625558,0.12192868254975318,0.12139367115074715,-0.0005350113990060384
3.3425,0.8514502224625331,0.11953393743216154,0.09919124880143612,0.11442108531045614,0.015229836509020017
3.3575,0.258430424096458,0.10935352888039823,0.10078255755956769,0.11069454670003287,0.009911989140465177
3.3725,0.2132227577244885,0.10426086599383283,0.09486259063149155,0.0977449605695411,0.0028823699380495504
3.3875,0.1999539250560145,0.10424582474633103,0.09775896164382498,0.09610035473221035,-0.001658606911614638
3.4025,0.2135893809108315,0.10005500796259828,0.08980946566057109,0.09784903349257539,0.008039567832004296
3.4175,0.215377586011507,0.10329325350534599,0.09369062828064581,0.10889631060080708,0.01520568232016127
3.4325,0.3150743342200897,0.11602575796574693,0.11857824631137884,0.12341639695686932,0.00483815064549048
3.4475,0.2499615609672524,0.11070772867792224,0.11570872738643743,0.1062057654758096,-0.009502961910627841
3.4625000000000004,0.2510375910655518,0.1114755565371128,0.09519213805027991,0.11009197721530856,0.014899839165028642
3.4775,0.4053798016003406,0.11402995790307444,0.11655795793832656,0.10926309708741579,-0.007294860850910773
3.4925,0.2905692271708338,0.11395375687355574,0.09495749408234666,0.11110844527945873,0.016150951197112073
3.5075000000000003,0.8283074873302074,0.11885862114501515,0.12299467815697986,0.11685821906979518,-0.006136459087184673
3.5225,0.3305049937498277,0.11571090999091402,0.11390922324765648,0.11104479717996364,-0.0028644260676928407
3.5375,0.4889312935288608,0.11271794666498314,0.12285732318759508,0.10895081125974747,-0.013906511927847615
3.5525,0.3005118941469192,0.1114783209219746,0.11763967130868584,0.12222553052683378,0.004585859218147942
3.5675,0.4599204388172735,0.10852024531236398,0.10929785471608276,0.11882068646349765,0.00952283174741489
3.5825,0.4497117681501688,0.10878916464066636,0.11096589089445234,0.12132951941214198,0.010363628517689641
3.5975,0.4044324633444309,0.10788132439158868,0.10974204803791136,0.11633150912257033,0.006589461084658965
3.6125,0.2876399958793884,0.10735497860956374,0.10453557075246683,0.11466026764976801,0.01012469689730118
3.6275,0.3070331951926774,0.1066955685825778,0.10650132423306521,0.1152632782015207,0.008761953968455485
3.6425,0.3766299240264457,0.10855445666290567,0.10263004910269845,0.11910913294577453,0.016479083843076087
3.6575,0.3715426546711967,0.10293986726747709,0.10789365409021597,0.10915658267219719,0.0012629285819812236
3.6725,0.3605310540886643,0.10061361660165455,0.10647371093064281,0.11093289599863955,0.004459185067996738
3.6875,0.364466664242376,0.10145519143157818,0.10590037358738846,0.10860313536241856,0.0027027617750300936
3.7025,0.3582018525402439,0.10008389483777078,0.10079543170742886,0.10507205882026814,0.004276627112839285
3.7175,0.3675532424967677,0.10480855745224717,0.10264208291961183,0.1088816747206515,0.006239591801039668
3.7325,0.3765850951657483,0.09415137626160888,0.0872622492158436,0.0983891968235367,0.011126947607693102
3.7475,0.3109035718699401,0.10000141275263123,0.1014196694805855,0.11642284653732632,0.015003177056740813
3.7625,0.3610117665969803,0.09222570862810403,0.08634086439109745,0.1034989178246387,0.01715805343354125
3.7775,0.3766905256353017,0.10034659709635924,0.09048388509611226,0.11220228957134534,0.021718404475233086
3.7925,0.3917122292558421,0.09940196486178057,0.10225130200933584,0.1122097351350619,0.009958433125726057
3.8075,0.3684180841789726,0.09201141584181292,0.08433557459471928,0.10322221446911266,0.018886639874393374
3.8225,0.2262269015225766,0.08793585398767978,0.08513739642324497,0.09823459565284906,0.01309719922960409
3.8375,0.349622097762509,0.09116198237095358,0.08237703842770885,0.09196084096534807,0.009583802537639213
3.8525,0.316978121623283,0.09481926039553014,0.08410534216436762,0.09677979660687787,0.012674454442510252
3.8675,0.3161945716280979,0.09128518694550429,0.08495665551793559,0.09736248742871378,0.012405831910778195
3.8825,0.2641982941189262,0.0881443934292505,0.08588945255380974,0.0997293094676544,0.013839856913844664
3.8975,0.3163114070287837,0.09144059936808979,0.08346596654276293,0.09580038194516799,0.012334415402405055
3.9125,0.3066978675932048,0.08324853205397444,0.08384093974022337,0.08979888452902475,0.005957944788801378
3.9275,0.2533636564076598,0.08504127758756767,0.08222218901468274,0.09395792186630039,0.01173573285161765
3.9425,0.2809287198257445,0.08483156574673568,0.08101071013389066,0.08918976156028276,0.008179051426392095
3.9575,0.4215507067777967,0.09340869890624216,0.07768426649494675,0.0834792078599339,0.0057949413649871495
3.9725,0.5060835070427996,0.09214620190538984,0.07436536558168447,0.08053766094158497,0.0061722953599005065
3.9875,0.6286734559816172,0.09556451682638392,0.07402377833760762,0.07874424219161176,0.004720463854004139
4.0025,0.5787321373147888,0.09963471739484535,0.07889693385442076,0.08163578553602359,0.00273885168160283
4.0175,0.5905864684766784,0.09853944761279962,0.078518266070673,0.07995066962685869,0.0014324035561856935
4.032500000000001,0.5306156755936454,0.08520124682544104,0.07348644842212702,0.0752580481510614,0.00177159972893437
4.047499999999999,0.5107502698143834,0.09103278395742057,0.06830481186733683,0.07252733598063911,0.004222524113302276
4.0625,0.4615573265642637,0.07121452932253525,0.06664662227649226,0.07319147385330553,0.006544851576813268
4.077500000000001,0.2819424955391696,0.06242193965957751,0.06283592077015918,0.06645451563873245,0.0036185948685732716
4.092499999999999,0.4922662112112654,0.0816701291182041,0.06162533467603758,0.06561035114154,0.003985016465502422
4.1075,0.2641075895062335,0.05457280412830549,0.05638072064087949,0.058076131456677615,0.0016954108157981249
4.1225000000000005,0.2969900517060665,0.051886035259762854,0.05083950737614761,0.05317889797879133,0.0023393906026437164
4.137499999999999,0.1679212701889255,0.037929495091207244,0.05056475538959543,0.04285269145367381,-0.007712063935921616
4.1525,0.161217205585586,0.034599589676845205,0.05041993766578411,0.03381061023378732,-0.016609327431996793
4.1675,0.1124018728684615,0.027814748853632342,0.049669941970191665,0.026851254826090864,-0.0228186871441008
4.1825,0.1418295658043882,0.03838882924594517,0.06373360940732012,0.04465656650283401,-0.019077042904486106
4.1975,0.1824089327070437,0.045754244985726666,0.0666566175155046,0.04988983984151212,-0.016766777673992476
4.2125,0.1120473884059088,0.058501891114986895,0.07266260399048977,0.062140753242310914,-0.010521850748178851
4.2275,0.170213377694527,0.05425652625373752,0.06889858560390598,0.06040237493406846,-0.008496210669837516
4.2425,0.1635460805675817,0.07452155762258972,0.07870835729943548,0.09082377183040273,0.012115414530967247
4.2575,0.0818818953824896,0.06489141354144054,0.07178597833428939,0.06755388791781597,-0.004232090416473419
4.2725,0.122278374095759,0.0642106126289808,0.06885145529969383,0.07454711065092652,0.00569565535123269
4.2875,0.001,0.07909493986667541,0.076951032952383,0.07893525018185646,0.0019842172294734645
4.3025,0.1308267031224521,0.08061521169905787,0.07638826428690304,0.10312283557328024,0.0267345712863772
4.3175,0.1221331899130814,0.07810235699051432,0.07473972931194986,0.09400457376342665,0.01926484445147679
4.3325,0.001,0.07914917945505133,0.07336996161686539,0.09375031082075919,0.020380349203893797
4.3475,0.0533813499283172,0.07496913802183405,0.07017557607952615,0.08508389484883352,0.014908318769307372
4.362500000000001,0.1264107557714648,0.0815644823640888,0.07525327362366212,0.08548835769679974,0.010235084073137626
4.3775,0.1007723312302127,0.07658503931641464,0.07178148432372591,0.08518244322291799,0.013400958899192073
4.3925,0.0948745863965197,0.07753084785528948,0.07088098655012909,0.07891071649805428,0.008029729947925196
4.407500000000001,0.0407797819846749,0.07954145150596183,0.07381665046471156,0.08283570565923758,0.009019055194526018
4.422499999999999,0.0235696582695606,0.07637294956623232,0.06978318434444337,0.07603707981273332,0.006253895468289944
4.4375,0.1524450762191961,0.07378981412542737,0.07029486781977255,0.0752596590452789,0.004964791225506346
4.452500000000001,0.0810188792628737,0.07786549822760629,0.07605571723113172,0.07643760632949684,0.000381889098365118
4.467499999999999,0.0665189882163022,0.07420345980417077,0.0702077916023814,0.07491067244243733,0.004702880840055934
4.4825,0.175401997267205,0.0752804070919635,0.06677995728001511,0.07256228902634737,0.0057823317463322615
4.4975000000000005,0.1911480661282691,0.07473696585926203,0.06803605936772587,0.07480266804457708,0.006766608676851207
4.512499999999999,0.1798195839943785,0.07327023609010323,0.06357643661779955,0.07554624692850472,0.011969810310705167
4.5275,0.1972101492811672,0.0727179987604759,0.06697730176296886,0.07022341733634416,0.0032461155733752994
4.5425,0.2087175371626258,0.07074272259260127,0.06433520344988125,0.063626598872642,-0.0007086045772392441
4.5575,0.2388877559841017,0.06836001921627523,0.061283803535562106,0.06420323939903153,0.002919435863469419
4.5725,0.2893111505640919,0.07336030622897931,0.06381933674036122,0.07432650005945449,0.010507163319093266
4.5875,0.2680738798924391,0.0687078632662066,0.05928404828492488,0.06116510838324609,0.0018810600983212092
4.6025,0.2128234564847041,0.062083025431676715,0.06159893618388627,0.058659762452212307,-0.002939173731673961
4.6175,0.2829284003621918,0.06306647172844251,0.06225005406224561,0.06584766428264067,0.0035976102203950644
4.6325,0.2509420779730462,0.06216443422255355,0.06000588806357144,0.059263544952787656,-0.0007423431107837844
4.6475,0.2465704307646751,0.06509381798645214,0.06262874376984919,0.06367484043797722,0.0010460966681280354
4.6625,0.2631657409625874,0.06155329566926345,0.05791807582747974,0.06164458764913398,0.0037265118216542464
4.6775,0.3441178131831003,0.06715651098053424,0.06613436943171772,0.062234586305410594,-0.0038997831263071214
4.6925,0.0270972793017951,0.05637436714121951,0.055385775376234556,0.05645091368833453,0.001065138312099971
4.7075,0.4221867375005129,0.06912144095801247,0.0711801753856178,0.0652204730906964,-0.005959702294921404
4.7225,0.034019010753717,0.04933452747273711,0.05715662553220369,0.05184347285031272,-0.005313152681890976
4.737500000000001,0.3521097133992493,0.06436294124122272,0.06032345005768182,0.06306822847718867,0.002744778419506849
4.7525,0.2498181111314742,0.0560334998150988,0.05108989559937942,0.053456046744323915,0.0023661511449444977
4.7675,0.3142631214950956,0.05590938771455146,0.054361048565142164,0.056964873819746825,0.002603825254604661
4.782500000000001,0.4381472093280714,0.06670680071369599,0.06160239675735791,0.06367969779368321,0.0020773010363253006
4.797499999999999,0.0412002181486361,0.04294095762060622,0.05187053321523953,0.04716812806461625,-0.0047024051506232775
4.8125,0.404721052804719,0.06390896529280671,0.05881957057236248,0.06226760136286939,0.0034480307905069146
4.827500000000001,0.0411672041332511,0.047886339796930466,0.05195965116564049,0.04797095625396878,-0.003988694911671711
4.842499999999999,0.3248638332741001,0.055394386886134975,0.05973169627425314,0.06113323521357306,0.0014015389393199212
4.8575,0.1763720436029784,0.04611523523261433,0.05095688840016531,0.04973037088234681,-0.0012265175178184998
4.8725000000000005,0.2579179432882253,0.04772464623567993,0.058657939963056016,0.05444756170744402,-0.004210378255611998
4.887499999999999,0.2239554752772483,0.049737085209065675,0.050329192812116445,0.04919441196616516,-0.0011347808459512831
4.9025,0.0758467444695366,0.044592202433326164,0.0485447005125633,0.04456188462784122,-0.003982815884722081
4.9175,0.0311891445671535,0.04061453150511394,0.04666981984514686,0.04184572972070478,-0.004824090124442078
4.9325,0.054989941117782,0.04562112543489844,0.04861675839890841,0.04801442428297248,-0.0006023341159359305
4.9475,0.01331306432421,0.03930341033394368,0.050224918546043766,0.04054046673241732,-0.009684451813626448
4.9625,0.0367325947280777,0.04490291150046161,0.050913829511337605,0.048228371973666306,-0.0026854575376712986
5.25,0.001,0.014684828678918177,0.016886961292607576,0.018579384503611133,0.0016924232110035568
5.5,0.001,0.025309067187978235,0.036752115960030224,0.024511118347532328,-0.012240997612497896
5.75,0.0129772610225325,0.04278981930768745,0.04658785761109397,0.044098876564895945,-0.002488981046198026
6.0,0.0170422981955422,0.020088583999811574,0.03431971645376933,0.020386306063408317,-0.013933410390361011
6.25,0.0693227750481578,0.03739354210187814,0.04564714682608306,0.03721227611840636,-0.008434870707676706
6.5,0.0010100122190655,0.018668954149591393,0.023226269428662377,0.018841841391186595,-0.004384428037475782
6.75,0.001,0.023774405730334583,0.027755600996003892,0.02554047145939762,-0.002215129536606273
7.0,0.0198928616548558,0.01933983251653952,0.02758052273829151,0.020021603468170723,-0.007558919270120788
7.25,0.1078144236255089,0.05734159824270236,0.05777557098944577,0.058619018349675,0.0008434473602292325
7.5,0.1363388130153131,0.05449099852841001,0.06248582554192305,0.06140321861930446,-0.0010826069226185925
7.75,0.1059725186093905,0.03191631223798983,0.04663548560812681,0.03457770295670327,-0.012057782651423543
8.0,0.1273658525796321,0.036305142936675264,0.036818846842155535,0.043272902669733215,0.00645405582757768
8.25,0.0673702452479729,0.03152762695206313,0.028887373246529895,0.029550984081258152,0.0006636108347282572
8.5,0.0704492845182325,0.03679460806732477,0.03513341102341635,0.04186056891459264,0.00672715789117629
8.75,0.1625357507621071,0.042757452397916194,0.03156023132786805,0.043511676704725,0.011951445376856946
9.0,0.2992781139875452,0.043226188040591716,0.03577884650744797,0.0489253430972187,0.013146496589770733
9.25,0.3449517948427398,0.04179625558609024,0.03182917183107866,0.04016856161705787,0.008339389785979208
9.5,0.4449802906473986,0.04445339384734248,0.030926914958883927,0.03840278539717478,0.007475870438290854
9.75,0.527393420741659,0.0401564236988538,0.035390619910755795,0.03819716570337659,0.002806545792620796
10.0,0.501956433964798,0.03606618254614636,0.03152820213686257,0.03233371772897423,0.000805515592111665
10.25,0.5691670066675426,0.03502259673517547,0.03157388567392996,0.02892143748179224,-0.002652448192137724
10.5,0.7928558907850898,0.04278987237034968,0.03946262776909146,0.03968808428464528,0.00022545651555382074
10.75,0.7608347916838387,0.039904764548499276,0.04220511546925776,0.04323399097326178,0.0010288755040040176
11.0,0.5485312159015167,0.03578641565340607,0.04072271338406027,0.03922039175041118,-0.0015023216336490924
11.25,0.5898023194590034,0.0380265150456512,0.03776642467738223,0.03512803782084636,-0.0026383868565358765
11.5,0.6054033517491211,0.03811799092449477,0.03995935920933514,0.041495781263472954,0.0015364220541378149
11.75,0.3291956021297989,0.03700659857259873,0.04147491917684202,0.038309017798926995,-0.0031659013779150244
