wavelength,rho,low_signal_variance,delta_signal_variance,low_noise,high_noise,joint_log_marginal_likelihood,fit_seconds,low_length_scale_0,low_length_scale_1,low_length_scale_2,low_length_scale_3,low_length_scale_4,low_length_scale_5,low_length_scale_6,low_length_scale_7,low_length_scale_8,delta_length_scale_0,delta_length_scale_1,delta_length_scale_2,delta_length_scale_3,delta_length_scale_4,delta_length_scale_5,delta_length_scale_6,delta_length_scale_7,delta_length_scale_8
2.4575,0.5731755889217707,3.1105010824362944,0.26402609983572994,0.03566320426403247,1.75863068954612e-08,-129.62690096653665,6.955526791978627,14.354397518674066,13.553399834902306,23.295363290703683,0.8924840986041515,4.356313689786027,0.9184538697933434,40.48268557779976,100.00000000000004,4.601078690155064,100.00000000000004,8.734923655885645,5.278234722025094,0.7551636142549382,1.3937917143617258,0.7261982113244532,100.00000000000004,100.00000000000004,3.2932322469856983
2.4725,0.13701519353313843,3.084525607293789,0.4499368988991536,0.03965606233624908,9.999999999999982e-09,-155.8142370201141,9.418327666353434,13.023159658817475,11.981947001365729,18.088199100979942,0.825883970329382,4.375232804128988,0.8740554888294366,51.171118707428334,99.29453700492958,4.409904088606494,100.00000000000004,14.113348745980206,11.168131636928058,1.7350320557498604,1.5902537209521086,0.9349901066569193,18.992495039950303,100.00000000000004,1.293368942678595
2.4875,0.015156559740802525,1.3513079094874683,0.7073354423176655,0.0010096890755653678,0.00011222375068380407,-189.09657249137945,5.173436124809086,8.39432206160635,6.373419137119494,5.964136343564862,0.6082931427143086,1.7152193984022692,0.6934391367287981,7.075965854658425,13.5353388204473,2.8288987645180614,100.00000000000004,100.00000000000004,16.46152545178405,1.5579964880673443,1.6199998255008699,1.2129012332592686,16.80081987944366,100.00000000000004,1.533138627592534
2.5025,0.03363539479619351,2.964151181194404,1.5093534960135442,0.0417565564511101,0.012801557230324792,-165.00318488176208,9.408379416912794,12.642815221913773,11.631539950656853,16.112606850690128,0.7923618654580152,4.260780761076427,0.8396053443606776,48.51994347151248,69.51985597251196,4.32113303852177,100.00000000000004,46.73486483959067,100.00000000000004,2.3435213411775027,1.8586886340139228,2.30183187147439,20.385050982458726,100.00000000000004,3.4136011352864495
2.5175,0.0010414159586107996,2.7738046399429006,1.3156335333592861,0.04254120866356837,0.01398600249041344,-175.14050977825917,7.822436542250216,14.395364009874951,11.099115903045687,14.328029693539868,0.7622315337752272,4.373171528789449,0.8148352155553097,51.6692808521476,59.51014928856203,4.1627713564752815,100.00000000000004,100.00000000000004,56.72719817624521,2.2219656002404196,1.8356478956841256,2.4374057181721884,15.474375620002709,55.70533817709977,2.598692434676683
2.5325,0.029749114799593253,2.6488564453019103,1.115302488302031,0.04204768277957954,0.012864046619804293,-190.22112675600556,10.48272241698578,15.765211829929452,10.611340963846448,12.845966704504622,0.7740535307017353,4.053795241914861,0.8771884913392698,55.08240828476004,58.681170239701686,4.198316335485024,54.80758741192793,100.00000000000004,23.11417695294652,1.3164975734143554,1.7760895883055952,1.6812152836272412,100.00000000000004,100.00000000000004,1.762271165415679
2.5475000000000003,0.019881472467672242,2.701287785416266,1.4751633746062371,0.04294049653757608,0.024608402135625852,-190.75819151228507,14.401025457773358,15.182172968257833,10.721875296958888,12.795843440445003,0.7761190681087006,4.121111647771781,0.8448656923020299,56.24525311344763,56.05778744017178,4.207118943016588,100.00000000000004,100.00000000000004,50.39725626589465,2.3048854903089877,1.7908843721991752,2.04756762360867,21.44658009018165,54.57065772968991,2.736697338717893
2.5625,0.11214600633755975,2.6326281706062447,1.4701160989576076,0.04149603619588259,0.030867293745447784,-192.22633653895565,10.786571874748915,17.104659724726798,10.633943346982965,12.174573469871993,0.7783347589223292,4.106763375553824,0.8477754225372892,54.41508740472007,55.410268593102266,4.220220724245656,100.00000000000004,100.00000000000004,100.00000000000004,2.3816190757761584,1.887734471216574,1.4035658562895854,100.00000000000004,67.5689072256415,3.016508409121344
2.5775,0.028044020154197512,2.711383146718788,1.4232053093046677,0.04271744494313111,0.023816165338443128,-188.10672875684224,12.033919792156667,16.333189077421093,10.8097829870734,12.677276928015617,0.7670409966934536,4.138366783431046,0.8106998263923714,58.75591126715213,51.30454656071059,4.225149794385756,100.00000000000004,100.00000000000004,48.420473030854865,2.8048771020776755,1.6896459954069523,2.3569297457563834,20.434946656426977,51.060440763419244,2.7432770140516
2.5925,0.0010000000000000002,2.750535012408126,1.010710969066574,0.043028377651926346,0.00018108425800393593,-191.4388799114446,6.896349917165935,15.401371580499141,10.879623707810918,12.442971393581338,0.7831876949887703,4.033675195390592,0.8084141664489437,54.59985335688858,50.986516166541044,4.273280200874705,82.68479046128829,100.00000000000004,19.558592509494897,1.4819664593534663,1.065463321522874,2.098465788007682,7.766656858504306,45.68003523465865,2.0097490796119812
2.6075,0.0010000000000000002,2.4724171724660993,1.0374109616192682,0.04438432949635391,0.00012269226733380904,-208.4759019683175,6.868693416938186,11.713326018897025,10.24232390405725,11.698087563493784,0.7487006956183183,3.498999445110054,0.7815903542290257,36.87614435705108,52.91251536014002,4.093584260216967,78.53534250285196,100.00000000000004,22.74460259238886,1.5071086774450342,1.1530034188648683,2.39843881632574,5.225694135807477,45.032623119618805,2.023503204282432
2.6225,0.014711080592537538,2.3645040412252,0.9793162700357998,0.04020946365474726,0.013560009007708592,-193.85792394693942,10.178447749931365,12.727630239251143,10.307718002774536,11.643342605933809,0.7107926243543288,3.7346260258937867,0.7244750506903144,28.527675435933663,45.91133293965528,3.995845902905391,100.00000000000004,100.00000000000004,25.31366425970713,2.430240920110063,1.547441729287852,2.784638386543445,14.855366250661875,54.30059738308335,1.9635468475629767
2.6375,0.09281929012830714,1.3070277563014963,0.5593653215768892,0.0014611290248045875,0.0005826172325486348,-209.2848025949545,5.093568458687514,6.879705258953354,6.577969377398238,6.095752602229936,0.5559430486439843,1.832212451316878,0.6445578343488361,5.921006499761283,20.008916292633117,2.9159723447553816,100.00000000000004,100.00000000000004,17.65490707763554,1.0797161618713467,1.3778292124070988,1.9033701336332727,16.553109229101377,70.60405666537433,1.4784146151889195
2.6525,0.060411885019982146,2.026955524261215,0.982641144009118,0.033783349742075426,0.009830957928144998,-213.4437129149601,8.72152033308521,12.234621631854761,9.646396037200443,10.01897057802364,0.6701687946221452,3.2799925893336064,0.7191507605617631,17.406006135138497,40.70442743738206,3.804378955921436,54.2972508718887,100.00000000000004,12.472507043745878,1.3003046546463606,1.8132023739578707,1.6692574131683882,100.00000000000004,100.00000000000004,1.5305693461453411
2.6675,0.35151091052959693,2.0019459944721776,1.2297001823048928,0.029740317875510264,0.011150238626564701,-218.80680044948426,11.233578042127192,11.339040956202748,9.436545479501648,9.365053537724322,0.6993870746358959,2.3299375395230126,0.7911214725908114,16.1250897181243,35.9823759969431,3.959745957821999,100.00000000000004,76.48890920063641,9.662873972731637,1.0613725921733241,4.228782362991431,0.8844402823264268,19.515788060049797,100.00000000000004,3.190466813153581
2.6825,0.37626239128584676,2.026312620549885,1.2536972698258257,0.028440916911200962,0.010836968025858143,-214.51541053765632,11.369658917188644,11.566315871710353,9.585192872554632,9.64249215415275,0.6982310335439127,2.3225214093733526,0.8043771419573551,16.40924362530545,33.551464583396324,4.037673819181848,100.00000000000004,65.04306896260593,8.92765922052168,1.0408758769683868,4.391155222212141,0.8669560944859609,18.03275837268353,100.00000000000004,3.2397444178664214
2.6975,0.3401226396874069,2.097530149626259,1.5503016442015194,0.025574936549386505,0.01032049031453905,-216.73588875033522,9.30669904127717,10.495122613777896,9.732205662834303,9.834613475432334,0.6826822285929177,2.152368913525169,0.8098642770972814,14.702314554328467,30.006223890962303,4.135685639079838,100.00000000000004,64.37779667514347,9.410627478717071,1.0401837624164025,6.86932027809556,0.9205976469885867,19.690782347892576,100.00000000000004,3.4075981823580115
2.7125000000000004,0.31003966437391683,2.122011660840451,1.7636083471571742,0.024850056341037093,0.009308103931743078,-219.52511156843673,8.676336834207177,9.789063411453657,9.809031712633157,10.066604656719251,0.6824010749199174,2.0277524081376046,0.8127984845111869,14.466881609176735,29.697883589681044,4.189758805571028,100.00000000000004,100.00000000000004,10.653266478398507,1.0228501978625697,8.421565805835087,0.9606375813321274,19.694621228233675,100.00000000000004,3.3633063656933606
2.7275,0.22234228484679353,1.9320203396962992,1.566426770334508,0.023185442086021545,7.05530423817236e-05,-224.3896493125643,6.049107875209302,9.131359304432388,9.413805628391602,9.598509962688084,0.6781681245822576,1.9646886457189474,0.7544259850993928,14.28571260249714,29.193375242778785,4.01143278454043,100.00000000000004,100.00000000000004,12.373332366197555,0.9543445774694745,7.067273317768027,0.9331710390988698,16.616070447159853,100.00000000000004,1.899375543156354
2.7425,0.17553586276883743,1.9812088186856367,1.689026495160708,0.024564090181487478,9.999999999999982e-09,-202.89643774795826,8.41339191608131,8.583084090381679,9.735837867966568,9.873059523894778,0.7164031273944609,1.81122198086887,0.8832406764677178,15.94750538254151,33.74913824310473,4.280730614650033,100.00000000000004,100.00000000000004,31.560017319467168,0.9224075282585958,9.87790311401422,0.9043348819894528,13.93246655863806,100.00000000000004,1.8533738594084455
2.7575000000000003,0.19836679981878877,1.849963991064763,1.4941346690052342,0.025099224268310048,2.632423133520054e-08,-192.5824491813812,7.617229332681745,7.869869547719147,9.893309941471742,9.998860915286796,0.7315594301800189,1.6314573861183927,0.9425078202213205,17.00577701686188,44.185609135155914,4.297822395059231,100.00000000000004,100.00000000000004,100.00000000000004,0.8681739727899075,13.000195689499234,0.919933072236756,10.18306145778721,100.00000000000004,1.7550381323569575
2.7725,0.24755105591275184,1.8555640029074958,1.3980923857307932,0.02481580762149809,1.2829432577725944e-07,-181.6641388859403,9.879027124959975,7.860970135694835,10.003609277282639,10.371820132662437,0.7487354265962404,1.6277012708202803,0.9618333496010569,17.912614487732974,50.25054852313877,4.431301730309983,100.00000000000004,100.00000000000004,33.43654738411525,0.8498121263451406,14.07582809382741,0.9604706346763271,11.09055362292661,100.00000000000004,1.7101173500719626
2.7875,0.38974695116420627,1.579126060078722,1.0722133772181381,0.02269613600903504,2.1019081554111314e-06,-155.04073549836596,15.080546999815851,7.955236844135218,9.85719855053725,9.844033450564943,0.7839132403166008,1.6312438913162106,0.9832750416259792,20.146451681363313,43.98240999480211,4.312599860152037,71.85858883360939,100.00000000000004,100.00000000000004,0.7707861472663246,10.524337723222851,0.8519931004352157,8.109065763155721,66.28893555480501,1.8004129321354032
2.8025,0.3732768965092857,1.6043421251045191,1.1082640584896075,0.023127046934415512,1.3425634031160317e-07,-156.72259406629178,8.18342383299023,7.965571338455501,10.113714206710814,10.23614772585227,0.7833363108069774,1.580110829651414,0.9905400935159782,20.494234938307642,77.69689814467476,4.35571789521539,100.00000000000004,100.00000000000004,100.00000000000004,0.762890510452906,10.437797825621274,0.8806958739070573,8.191014361928257,100.00000000000004,1.7740776850163207
2.8175,0.3379474328140789,1.6918793368952332,1.2785319808602698,0.024234102020216915,2.0908441983016737e-06,-169.69048322648928,10.702890375163406,8.062078728732558,10.155719485718334,10.508462127011901,0.7798710787449336,1.5437594570653477,0.9686575306585431,20.50018298855579,81.63748997230148,4.418606459441738,100.00000000000004,54.34437065953161,24.173062111521553,0.8007151028494921,12.284447981619463,0.9336851997989363,9.183970100804697,100.00000000000004,1.820076158046406
2.8325,0.49290005787865054,1.805422353994285,1.2050215929511285,0.02523951876111302,1.6487663571386347e-08,-176.09724246381177,8.25839520804584,8.927505390110555,10.714848384287842,11.157350649019056,0.7697415829288966,1.482581542557543,0.9840862955520915,22.809981982650708,100.00000000000004,4.518064080739833,100.00000000000004,18.388421649473187,7.579906202730836,0.7653365157486636,8.763824132547137,1.054075714300831,11.50136462474603,9.231879310916659,3.701294456197159
2.8475,0.5043097586673958,1.7674072996754902,1.15351957392947,0.025451020578183412,1.1695515783983461e-08,-178.11655585965684,7.878874834161252,8.765190362248774,10.639454985937174,11.052707248256128,0.773138187207561,1.4874270317804041,0.9614749653629365,22.472810686798326,100.00000000000004,4.516113339231757,100.00000000000004,17.612794018155554,7.1187243679337,0.7617122415527974,8.28917591365326,1.0513191286406258,10.607520062167174,8.740219499715641,3.8329306866977597
2.8625,0.4602821145548349,1.8701330755147567,1.347444869010661,0.026251657805835715,4.1529577639220404e-08,-191.28633712024964,8.290538958273828,8.519671261374254,10.556023561847416,10.745049608833712,0.7396103189465641,1.532182300218666,0.9568649808325074,20.15836326060461,69.40932491161452,4.518624288476231,100.00000000000004,21.488673221088696,7.811556508781497,0.7887005424711734,9.784816907659634,1.091775941136656,12.041371977364944,9.567176224557686,3.8189367564645496
2.8775,0.30515643355943833,1.7769614523465593,1.290650652211052,0.02840639807006666,9.660087700927205e-07,-205.21110793067902,9.950186708010733,7.931485357760017,10.181671628218329,9.935891526468588,0.7279110355281521,1.483855824709726,0.9436694630457133,19.586737867106994,69.12929946797325,4.312288517209292,100.00000000000004,47.45314176626507,21.777798365617215,0.8076432027562591,11.704371603152381,1.008221173420484,11.479898733003193,100.00000000000004,1.7045457394367627
2.8925,0.29730203256783233,1.7060201837788123,1.1903010730547092,0.02698287340109925,9.999999999999982e-09,-202.8064976010125,9.864269834011793,7.562527595810689,9.967769274729484,9.526401367082507,0.7107013594363627,1.4851531616234734,0.9524878080362638,18.110038439745082,100.00000000000004,4.223490378705618,100.00000000000004,74.74637574680217,100.00000000000004,0.7721833410174467,10.375904766500689,0.9580304836241056,7.99808809027315,100.00000000000004,1.7896247421855134
2.9075,0.34525857838192914,1.7582293154133126,1.1329595708885063,0.028384763529651975,9.14851403721728e-08,-211.64945374145907,13.019426625221968,7.901866986894949,10.120340774356302,9.535718101743159,0.7025471140229347,1.4671614896794163,0.9435603445478739,18.97204459227382,61.10388665125197,4.3176820367276285,100.00000000000004,54.67646091362884,22.113116865168152,0.7755763244460162,9.05837087249514,0.998192185657452,8.495887960597846,100.00000000000004,1.8621765901412946
2.9225000000000003,0.3311831524794339,1.7594332302986209,1.0285389438799943,0.029272065316234698,5.777351097484043e-06,-216.84154861458245,10.35022154217586,7.963736607801941,10.106753575346863,9.463138946854034,0.6963171599397142,1.4244594485831963,0.9580466352510177,18.84078463137751,66.17090531818687,4.244853141781426,100.00000000000004,71.80738854704052,100.00000000000004,0.7293137692516957,6.984585895592903,0.9939816756671357,7.195583413103818,100.00000000000004,1.9172145978273545
2.9375,0.2748921363399868,1.8478799546026898,1.0095127309530407,0.03382447070358286,2.346844675681932e-08,-230.68882741886438,10.53814220894128,8.260480214761957,10.127472977389191,9.374863881998936,0.6941559641717269,1.4138626031578188,0.9420520216001808,18.607544736198772,41.3945981857025,4.193094604012789,100.00000000000004,100.00000000000004,27.608192080182278,0.6855818879904388,4.3404461995755215,1.1675833477260749,11.911835592628519,100.00000000000004,2.26347925020174
2.9525,0.2997010220001049,1.8176545219200753,0.9038982977253026,0.03386826731828843,3.262403790909168e-05,-233.27720439539553,7.720498959068209,8.372571033691472,10.27421298310263,9.26346390080478,0.6928244914250524,1.3746201803306237,0.9454068847837178,19.821969893705305,42.27102937760168,4.197534174545268,100.00000000000004,55.8151249470553,42.04590822647405,0.6477884722354661,3.696709110779242,1.1305353391725723,8.722176380134659,100.00000000000004,2.4671599848899852
2.9675,0.3291769642361052,1.8911094497445995,0.8780427807902337,0.0355409816354026,2.1745777870633644e-08,-240.06325147163,9.875905666965991,8.51884032703178,10.251664424298129,9.449635908765046,0.6841352265146157,1.3613263006424692,0.9495238987898214,18.837574192103457,38.22264731255477,4.167534458047688,100.00000000000004,100.00000000000004,21.962260664210913,0.672298669751465,3.8980534750712694,1.1650169570880387,9.072996687039858,100.00000000000004,2.6199366623776363
2.9825,0.3112238408954387,1.891728821399357,0.8110173595546629,0.035104347421166915,8.126981663756431e-08,-244.0562773497526,8.760705665685236,8.472484586551733,10.104221911724817,9.36521012326631,0.674198860424678,1.3480707955723228,0.9361129260061473,18.0345548634424,36.25989214595945,4.092620351396199,100.00000000000004,100.00000000000004,25.01772579031216,0.6627626968876389,3.645363831421285,1.1879278568958238,8.181027592724886,100.00000000000004,2.5754131505844393
2.9975,0.11793971926295599,1.9974684974198924,0.7668341308309351,0.036962674400610615,0.026398734152768565,-198.21898910914757,8.103191040921956,11.749263313571054,9.683874182431618,10.244183850189227,0.8084289134247717,1.4717215394664918,1.0051340195670977,30.257105646179706,42.30591067034878,4.476350242372692,100.00000000000004,100.00000000000004,13.915719197715593,1.5826504362371632,1.1284371025683264,4.764526454271313,100.00000000000004,100.00000000000004,2.815325047798664
3.0125,0.32499659535287606,1.8663343528723275,0.40093073179970695,0.041393830555588235,6.461485047450271e-08,-207.6502885675968,7.299408791121095,11.448578636019432,10.182951412535683,10.47560165372919,0.8754750653293629,1.2658840541888299,1.0016337839648324,32.175366640402274,37.469406424231416,4.34659642061811,100.00000000000004,100.00000000000004,4.823436792230948,1.3026995389524942,0.7646780549411514,1.3829101329310152,100.00000000000004,100.00000000000004,2.1567337103549504
3.0275,0.10593602079577213,1.9362442330387375,0.3642968902266942,0.04200277955557848,0.005217649381183205,-220.51802745519387,7.158006874844432,9.327317861371379,9.169562358695698,9.50087587370739,0.8026875437247752,1.2938869499156946,0.9159902411617732,21.375337252794395,33.526371276598574,4.000095405303278,100.00000000000004,100.00000000000004,9.878492820127159,1.4609495120296963,1.1992548016232174,5.2693423970948325,5.241723096999606,20.940324343852577,1.2688198068517182
3.0425,0.15115763527596324,1.976965479844572,0.8163711091330957,0.039577465063037345,0.013591294255494723,-208.89967183135946,6.426560209132731,9.42178658447513,9.073256238801637,9.60888131813771,0.8269081353595114,1.2773435565469324,0.9060332632569609,19.869773252402513,36.372264337221615,3.92937995909804,100.00000000000004,100.00000000000004,18.820812637389473,4.06391445561292,1.4005192718017423,4.716905613373496,14.329011401321536,100.00000000000004,3.0457973230575837
3.0575,0.17835957604440889,1.9161381096144643,0.8096778828591353,0.035958585451373766,0.017399969438397802,-208.2273668150804,6.577335458714515,9.233578946416097,8.825455017180433,9.350191770633822,0.8275705225423167,1.2750160375457609,0.8721227295810033,17.582563866159045,37.35440651260455,3.7871981994626824,100.00000000000004,100.00000000000004,11.065388153470135,4.637402352722931,1.899199966537196,6.168995637495118,12.393206406229144,100.00000000000004,3.1489314196802973
3.0725,0.27610750083997015,1.8802249983952073,0.42606316093113866,0.036332616269645686,1.5435396255524457e-05,-208.15589029108946,8.18613133393228,9.644605955342792,8.81216638364433,9.866427544688205,0.8786990923051281,1.2759691930208263,0.8788273220248045,15.120767324932912,51.48057726651784,3.85815653963971,6.786462071021458,100.00000000000004,7.826339201854778,2.5726304068921255,1.4905883007654777,1.0725890272634293,11.255281014811818,100.00000000000004,1.9115875837347163
3.0875000000000004,0.1642143210565187,1.9601394177055667,0.36882665829126604,0.033956088033495056,0.011373137559125931,-196.91152799332048,9.86748499982059,10.078050242518803,9.188831372807023,10.329948600116374,0.8817802671114986,1.2989530065617052,0.9013939111092236,17.921977351039004,46.914945030282006,3.9703504414484314,100.00000000000004,100.00000000000004,4.5577776546336395,0.7006109228114445,2.090108773443581,5.747132703660842,39.82066065284342,100.00000000000004,2.012009126033585
3.1025,0.21207088758591358,1.8886701824567007,0.3042580250895981,0.03100749315760103,0.0005572787595703704,-173.34411248626918,8.114202209282666,11.239942243566933,9.978177269170326,11.325676686625096,0.9179067451556183,1.311585100403673,0.9084296497733463,21.01162000878323,49.05780143057559,4.015753148814154,100.00000000000004,100.00000000000004,2.7310752856354297,0.6571717892137839,1.563903411007037,3.559822011761898,100.00000000000004,5.525133048807219,1.896126948246178
3.1175,0.19114556118716197,1.8498830418878183,0.32560402634829594,0.030139189576836888,9.848885192955291e-05,-168.3097883681437,7.133375416975468,10.857241093131774,9.496917376267232,11.355845337395957,0.9143123975579058,1.3370232990385253,0.909593085374154,18.894457495117074,54.14697464126913,3.9966412449603266,100.00000000000004,16.32602597258586,2.62727896851081,0.6104378204212805,1.9117349389436271,4.68196161706826,100.00000000000004,5.010462232401802,1.9127827204526247
3.1325000000000003,0.17452141635459228,1.8746438175738445,0.37331612946644693,0.029685319449943456,0.0036354794645719712,-160.24626805906587,8.889254208188504,11.47118493579573,9.657890311621879,11.926124875529492,0.9228476230661623,1.3766106551616923,0.9429095177636404,18.99797134532551,53.113087088251085,4.112527548397077,100.00000000000004,100.00000000000004,2.77018398541048,0.591435775992826,2.591257039520586,5.119163804605477,100.00000000000004,4.698125638416664,1.9551090758671017
3.1475,0.18992229852605802,1.9295910771359495,0.3841827286143306,0.02867873809935802,0.004173912059500484,-151.66465056716902,8.112201750278473,13.04286937440297,9.834010833579164,12.330538699410655,0.939685646318883,1.373826220726939,0.980545506890795,20.888038526204564,57.00227632503363,4.228751837455926,100.00000000000004,100.00000000000004,2.8094121964310146,0.5843441147858965,2.5397756790472763,4.820887532253871,100.00000000000004,4.360410767266628,2.0051949346799813
3.1625,0.28213711718325524,1.8745550893220075,0.38596533660876525,0.023902732981355812,8.839840294141556e-05,-130.77272749121778,6.67239600000903,12.907898560930688,10.353093374643322,13.475676612954082,0.9244182843060155,1.4115528358096383,0.9689402850129003,24.31113104635029,44.39921633565977,4.306540095176478,100.00000000000004,11.58446372386218,2.4989983231220467,0.5733579559038864,3.650259580138461,1.9631374791354526,100.00000000000004,6.261495155707476,2.1588143307242604
3.1775,0.498682224330707,1.8789802373862734,0.3312645525399567,0.027587496128539384,0.00016955874167225943,-130.27728621596003,10.774679083842784,12.397708745908858,10.453189444878655,13.199141178761955,0.9120944377303206,1.4377273870538492,1.0296218937507662,26.5850905513237,57.61320433185815,4.416159744943466,12.828979233313122,100.00000000000004,3.7925819719218903,0.5583725323556602,7.861064903575431,0.8941759527611637,11.5994204485427,100.00000000000004,3.3074291765797814
3.1925,0.5023843698888898,1.89476055105142,0.3409764706544534,0.02738497891475487,9.363308675131206e-05,-126.03793812211734,9.664452333003283,12.427172836669202,10.522628826988656,13.211283549635318,0.9091089320570422,1.4863877212607923,1.046745931520572,25.557221824847904,58.669604119481214,4.45147022586473,15.496392337602655,100.00000000000004,3.7110414336191346,0.558726192559611,9.042443462080753,0.8953215449842393,10.910315652612693,100.00000000000004,3.208853476024125
3.2075,0.2069467354023723,1.8394867125530963,0.4129724057909821,0.025205568607533164,0.002286944742773155,-133.249260194719,8.546760917175561,13.808168601228624,10.506611203822796,13.164501599604108,0.9043708033451514,1.3981055700984393,1.0077599097697187,21.799188798443236,50.46829732854713,4.30824743071195,52.41368295732504,100.00000000000004,2.3742085590083164,0.5690693925407075,3.1649091995484357,3.9801739459489656,100.00000000000004,4.16021612923877,1.8870456389561452
3.2225,0.5618786291791693,1.9212221629116077,0.28825392226864416,0.0253050543840642,6.34748133646127e-05,-112.26297734602042,10.73161841602996,12.707729536558844,10.873043544227924,14.355916629850887,0.9200297727587531,1.484890320197902,1.059051680797018,27.895970280448317,57.30807683700205,4.599411744466195,15.69923554410981,100.00000000000004,3.4573394176053287,0.5465901492667748,9.572465728423351,0.8008626629237274,7.981657696782431,100.00000000000004,3.4995881785229916
3.2375,0.5786649573057983,1.8558157018446042,0.25951142277378086,0.026353436025901258,0.00014536208488336093,-123.50906227031902,16.19075549999252,12.021779971883946,10.955705212001288,13.887175969466231,0.8880289583998604,1.4847354023735193,1.020945277015498,28.80047812954297,55.386820870643625,4.510380414080424,14.359278020696923,100.00000000000004,3.3755601764664145,0.5184858436936504,9.387478093205303,0.7740744025343995,7.487006766171866,100.00000000000004,3.6171008646777945
3.2525,0.31039006297605237,1.5186983907999667,0.3436761025160688,0.022429893601450146,4.2866943869655015e-08,-125.83732582589232,9.13149099983275,10.949818682178806,10.084909282332847,13.13483323121234,0.8761898700823942,1.493645025153921,0.8593577869269153,24.493475198564308,31.821158954235894,4.053885540592858,100.00000000000004,9.829345914216933,2.4685784994771676,0.5283582310670925,3.2836612541867187,2.2853740252683745,100.00000000000004,6.265996058873682,1.9409337161809734
3.2675,0.23168396248965645,1.5252766177660868,0.3598185776084324,0.025578713250840542,0.0007795530970055637,-137.34589092606905,7.317939749918878,10.755099937353348,10.065298896929637,12.257152433008242,0.8314146742007159,1.578974845757211,0.8806767231449506,20.217180370326727,31.847828380519555,4.043417749664708,100.00000000000004,14.548160738372664,2.423174833032119,0.5341401753216998,3.005942372471159,3.3037345481502896,100.00000000000004,4.959142731042768,1.9738001118374764
3.2825,0.23101442325175853,1.5815262687261735,0.35831403393321437,0.027846715213247497,9.614504153665727e-05,-133.57228960709858,5.854651124682277,9.958892432205635,9.927247441012426,12.866667302079579,0.8115201787238909,2.223383373738201,0.7912862301759814,22.461011693033253,27.35849258630825,4.192834467859814,100.00000000000004,11.891692568279936,2.48610657564433,0.5357513106001331,3.10116421620398,2.586417601430516,100.00000000000004,6.4319347162593274,2.0975035318253794
3.2975000000000003,0.3735790154632435,1.58531013789899,0.4746070090768931,0.030997763166028272,0.011471620393098167,-167.44990667844377,11.162158249877393,9.215796205404791,10.161218971798471,10.961266590896486,0.75164194928645,2.2633381957674814,0.7349753287811511,19.423958566371432,33.361251898006614,4.250188350217937,100.00000000000004,100.00000000000004,11.573298685270645,0.6578241840149185,24.175665911236603,1.0056835965795232,15.445395003347123,100.00000000000004,2.505709987476358
3.3125,0.7151273154697494,1.9097414182728205,0.20169853643615474,0.02446624250868287,9.999999999999982e-09,-67.30383774691342,9.722824625205249,12.758242811737711,12.259532520090145,17.557713295442934,0.9913060266322898,2.1976818532766087,1.0057199747866146,26.991227890573967,36.610312090744216,5.007265901107328,22.316774817062228,100.00000000000004,2.8376973748947014,0.5689318347628955,5.807646253488095,0.6772229936128731,3.3486880745717422,100.00000000000004,5.914986206776664
3.3275,0.4463584201435025,1.8486730007749625,0.3561598758508142,0.024788653212351172,9.999999999999982e-09,-53.04969141712985,8.847893917001784,14.079737988929482,12.758270936220299,16.787078910325388,0.9653478537167021,2.5974432676392394,1.075231915694241,26.79275013444376,31.182715239231023,5.27187296121115,100.00000000000004,100.00000000000004,5.242533701196107,0.5274619457320495,29.60551820700189,0.7640070860321145,100.00000000000004,7.843771478250291,2.023147035298915
3.3425,0.42681346004329906,1.7661612687273776,0.3398623321836321,0.023050081305195206,9.999999999999982e-09,-50.233385687034456,7.561985292006284,15.832902136990338,12.254358319140549,15.6933594661634,0.8936211651269969,2.3284565614908876,1.0626802411386214,27.74654485468467,36.19312690397643,5.208141967143338,100.00000000000004,100.00000000000004,6.206986285250071,0.500595992873994,100.00000000000004,0.7963558450695104,100.00000000000004,7.673634603615114,2.008780374225938
3.3575,0.45686426044603184,1.6787760338102928,0.2974411665495898,0.02303537742045434,2.4739710458137075e-08,-60.09101370643879,7.892062082886696,14.565984819312797,12.036412066357338,14.760947188770693,0.8696500833675398,2.242001625257444,0.9909663399155997,27.19663011835246,39.02383022472193,5.041997136389393,100.00000000000004,100.00000000000004,5.888761954326954,0.48894655961068567,22.548149695066993,0.7949313944261257,100.00000000000004,9.102281317570702,1.8688169261310608
3.3725,0.27620879654869773,1.4622000143770908,0.331709048481173,0.021389116896317433,1.7830983413821888e-08,-86.29374181525895,8.590464500244707,12.471688512705317,10.84721159588725,13.865735145131197,0.78505295244981,2.4836892386561864,0.7803513552646222,23.31442133352183,29.02609026517078,4.55341330584973,100.00000000000004,18.091403424760507,2.245139375388539,0.5020788023437284,3.7576997764277946,2.0751238519742086,100.00000000000004,5.4226178990614535,2.1378747561011404
3.3875,0.7101960515485328,1.5591412082705116,0.17041296910015202,0.024654983636172998,1.4002939366470515e-08,-87.3632797980481,9.535110666882247,12.679743245871986,12.083441393450187,15.030460928765317,0.7939359754154994,2.6415587825103666,0.8194704982532012,23.294795571129804,36.373074082100636,4.717143659334863,100.00000000000004,100.00000000000004,4.305582265646523,0.4651724220377271,1.3547655069623765,0.7009574144483021,100.00000000000004,100.00000000000004,8.614265685300333
3.4025,0.7307152822377565,1.60266247164714,0.17379544868372995,0.02596162550527065,1.4746307303385184e-08,-78.73166898980543,9.60923737520352,13.222430159120215,12.498342342361333,14.794363880894476,0.8598550541926724,2.4973182535418132,0.8883515891893675,24.924594139244753,37.3054030345329,4.780982546189012,100.00000000000004,100.00000000000004,4.364909370057121,0.48609095091251037,1.4072551042262553,0.7016203523360793,100.00000000000004,100.00000000000004,9.412576223601421
3.4175,0.6974584070741159,1.3715942576442872,0.1801906625923503,0.019951054218792678,1.2278252739235858e-07,-56.739650864711166,7.2023861249908805,12.593953999800636,11.434880770386874,14.228641742607493,0.8303621065130116,2.4726552539178583,0.7838965589858091,21.876517187510487,36.49082715506461,4.628095967556396,21.819554708995643,100.00000000000004,2.9025415455145147,0.5738584113958578,5.50435472242307,0.7072349621719398,2.6997992520567284,100.00000000000004,6.538662782389677
3.4325,0.760888894922615,1.5352694488266145,0.14767989748058527,0.020876830913941637,9.999999999999982e-09,-52.67771777884877,9.38411254202947,13.042952433829837,12.418914475046844,16.671260847398504,0.8315915755070581,2.5948793367534964,0.8413347102984203,26.177513943383985,36.6956047391439,4.982155249534107,100.00000000000004,29.938531960403676,3.7243291710042135,0.45547696294017737,1.4464897320640344,0.6182684581583067,100.00000000000004,12.872087219278917,100.00000000000004
3.4475,0.722633384501199,1.4448506167548654,0.15921199656535098,0.02021005699498238,9.999999999999982e-09,-51.46877193140256,8.516233999747783,14.27317656312646,12.423488196497157,15.264389554124401,0.7902201464546725,2.730389193239288,0.7907209817630549,26.582531854201555,37.651585830041896,4.789020371869166,100.00000000000004,100.00000000000004,4.177757001251323,0.4795220271094835,1.3459887403077238,0.6969391155619905,100.00000000000004,100.00000000000004,9.620343606988909
3.4625000000000004,0.7354696284923369,1.5086604997622477,0.15737815142304665,0.02113027376660655,9.999999999999982e-09,-55.8480711107494,11.015657500363886,13.505420252132765,12.327099283060788,15.913815148625327,0.8120379935322437,2.6992715530146496,0.8164680394933793,26.7286768665192,35.83233574798034,4.8817126424973285,100.00000000000004,100.00000000000004,4.059709197949495,0.4706102213460449,1.361289471874294,0.666457617843575,100.00000000000004,100.00000000000004,11.567212797186505
3.4775,0.7285657915186935,1.3501127516630052,0.16516547668541667,0.01722084701195558,8.042187870726868e-07,-27.763969220394017,8.648942040745169,13.823766211383758,11.745529595345626,15.633366387005202,0.8393746094216806,2.5543756438850607,0.7811016998110192,27.193228575351284,35.656107808553024,4.728038493454263,14.403245213103926,100.00000000000004,2.7764679172080657,0.571798219103821,5.502987795025665,0.675329686891776,2.5929993187145963,100.00000000000004,8.627674083023477
3.4925,0.7813277448565521,1.4397216742008252,0.1425129374137969,0.019690462099760248,9.999999999999982e-09,-31.490079170656657,12.539869165979326,14.461272311919585,12.290263801304954,16.074339073089476,0.8657269205147565,2.5276849005982607,0.8444625071120859,30.844758949262847,38.83998157857744,4.991417511496669,5.189408680545772,100.00000000000004,2.7747782696077623,0.459768443359175,3.1020167125149904,0.5748893365532486,100.00000000000004,9.690000171279374,100.00000000000004
3.5075000000000003,0.7635685082113662,1.4210114073702884,0.13339681561447625,0.01694946272171624,1.1429228336008486e-06,-22.08843147093421,10.704601540695876,14.647617973592608,12.337828269044497,17.338961740718283,0.8096007581813253,2.636907485365969,0.8023118232453724,27.890138760729712,40.44361773749377,5.181960816075952,4.725836064013629,13.892289218040723,2.758127047347619,0.44310762258765246,3.0461211726399426,0.5518821154022219,100.00000000000004,8.113244352671618,100.00000000000004
3.5225,0.7433267321268506,1.4364010457595469,0.14344251409513648,0.017856094010199223,1.2873201133832159e-08,-38.96537691396293,14.251128416974097,13.439131083352475,11.918585678264723,17.33638158027234,0.7747161162431675,2.836817766296283,0.7696598783610015,28.235841129449273,36.64041581244306,5.056725370004735,100.00000000000004,9.015329888457343,3.9401101343551357,0.4415507270163858,1.4850771548380386,0.6277462263703898,100.00000000000004,9.56924332515292,100.00000000000004
3.5375,0.7417897907210252,1.451213953754569,0.1443129348868829,0.017666608919063603,9.999999999999982e-09,-33.31175825253456,11.637330542318523,14.659466783806156,12.361468432233325,17.00157978483808,0.7572037223490112,2.9816137355436503,0.7729826971708182,29.297719717146066,39.12372870609827,5.093652410709154,100.00000000000004,11.060692062102728,4.091383205766148,0.45180001378650325,1.3680839941984027,0.642567821032871,100.00000000000004,15.701854478816996,19.703189182947536
3.5525,0.7394986774689207,1.5084093519148252,0.14600051506320477,0.01792578351004194,3.2297960361114626e-08,-41.64236833064359,11.305761042051017,13.386237807309023,12.006057272628313,17.363606860573924,0.7681778732533936,2.9294868538182235,0.7734605342141483,27.098017266536367,38.87206686787073,5.154528457143524,100.00000000000004,8.247136250472485,4.1642374691563155,0.4478312834691839,1.3889352756776634,0.6398961413061935,84.79006817943545,16.726002715754976,22.728992655015098
3.5675,0.5286406437136634,1.5479530575990885,0.19826309196468353,0.016766632534630305,6.799463342735472e-08,-42.09131368047565,12.35389562509954,14.390779009723756,11.81433329289126,16.55405220911049,0.7521070685741376,3.071744341828628,0.7478085560794505,38.23057178087812,35.069433398846186,4.996256661145502,7.100408092188752,8.40884817284179,2.7176433715803885,0.44216968061830636,1.362503481851122,1.877102078395841,100.00000000000004,14.441321538351662,3.562677677306692
3.5825,0.7462082374124471,1.5522588282680543,0.14825374661535606,0.01796719968493505,5.991186353485526e-08,-42.56585270746456,15.527636082842946,13.169369614188726,11.878002744128649,17.342298651228738,0.7872684862675738,2.87357634908908,0.7821721716003922,27.699421673034312,38.13085474210647,5.136307712900938,100.00000000000004,8.493262785962491,4.233604697637738,0.4520739749140714,1.4267563900829474,0.6369957333703747,28.278866089408652,17.222151610529167,24.88702161608025
3.5975,0.5411843687142339,1.6181303319409983,0.19818250593390185,0.016857368578067394,1.3869461397770498e-08,-51.037173090404394,11.480674374848604,13.233222309405562,11.468478079037519,17.05623096761553,0.7606160196836786,2.943206434477166,0.7583506662691117,35.051772955367845,35.936844482848684,4.997841412263323,6.811307022399812,7.523539076645567,2.6917073150691597,0.4347808257949067,1.3817285965221286,1.8159499363657896,100.00000000000004,12.313867364522608,3.8200289142791064
3.6125,0.5040382133941765,1.6233169333732367,0.20992250943188864,0.01723200485262032,1.2559915591441927e-05,-61.64082636214539,7.522042209282517,12.704149966568593,11.399849471838797,16.327170185621984,0.7370981877884614,2.9559171656166496,0.7382152292169437,37.15876620619096,35.874980803896754,4.8472976801077055,7.968915101077734,6.9573828754396425,2.7262738541286935,0.43160882501176095,1.4084602237916302,2.133817411138394,100.00000000000004,100.00000000000004,3.2819365413884887
3.6275,0.52648295843899,1.7071216713950041,0.20572975351230477,0.01778395458772418,6.251312442125665e-06,-73.23548476264688,9.30182445794344,11.746142075154003,11.235644096575902,16.60736999698387,0.7392523921159211,2.9003771117057187,0.749425003491692,33.585364507785776,37.4663442723851,4.935353505856542,6.840505222650123,6.399959946891575,2.720459653154879,0.42032134639520896,1.4314196950838245,1.991061656722434,100.00000000000004,14.495310418161727,3.668443559383576
3.6425,0.5660953676883338,1.7811379146393855,0.19216165569899574,0.017301184011888997,2.846593253361825e-08,-75.26378355527459,13.838338834233582,11.516361036051222,11.230596275332882,16.95024039591679,0.7200258299225181,3.0448431608423836,0.7458752345824352,32.569273662250836,41.83029915908284,5.068768177108003,5.999939633182922,5.938785346515501,2.8146450489663755,0.4094814376108306,1.3991887795259785,1.72842186033827,100.00000000000004,9.570915707667275,4.467781087806459
3.6575,0.4015573042696458,1.6247711688739759,0.2633450073518611,0.017010224296658032,2.1794608630875253e-08,-94.24791229106842,7.951285541988909,9.191886737771517,10.10936974105698,14.182858748173963,0.7035108944309869,2.7743660269486847,0.7217593687554281,27.484241830515337,35.60469513275851,4.759429313385771,100.00000000000004,4.806464574110084,2.564831334675735,0.47608393833142343,2.4910544430984736,2.0463353683055527,100.00000000000004,100.00000000000004,2.0337190402101797
3.6725,0.4523624717519812,1.66415964562044,0.23198404941673537,0.016949379622775877,9.999999999999982e-09,-90.8462990712859,10.570146624930203,9.257898611836499,10.307299353283742,14.40473570328733,0.696811750999752,2.7690508259248787,0.7371523893877631,26.009056315046102,39.65320606572936,4.957570694536465,99.99763520080714,5.328885114528365,3.855597333380009,0.4687650616710736,100.00000000000004,0.8557715770737045,100.00000000000004,100.00000000000004,1.509010306159008
3.6875,0.4537497099809995,1.6832039613394967,0.23468755324348373,0.01705845001976615,9.999999999999982e-09,-88.56090038665286,8.175785542000085,9.226945129580752,10.250268363311017,14.379784175945098,0.7183582316987143,2.786765263803657,0.7331837757922609,26.792747479802618,39.849571648860596,4.957488454566861,54.52322301738888,5.417704694792434,3.942812548420534,0.48207219265804985,100.00000000000004,0.8512409180979492,100.00000000000004,100.00000000000004,1.49528308627215
3.7025,0.4560260338732219,1.698351391802367,0.2352567821170239,0.01785169962463193,1.385183485307201e-07,-101.18783219317146,10.40156020782888,8.659742869360983,10.194279720032494,13.646775606294163,0.7120204330968645,2.7394624095633393,0.7351386710756165,25.620759072802098,40.849178145752994,4.875477682849633,20.14605952881341,5.7722976555040635,3.717890422670307,0.47218875858239545,100.00000000000004,0.840250786227186,100.00000000000004,100.00000000000004,1.5792804871457256
3.7175,0.45934096157542437,1.727211887624254,0.23985246496738621,0.01769413251877606,9.999999999999982e-09,-99.44967381496554,10.929706083144993,8.771391794123254,10.323009611646532,14.497872247086958,0.7122435103640039,2.7983512014881096,0.7325100958582135,25.981204322330875,42.156481326617104,4.977457985996844,21.08486721180078,5.61925987234543,3.917886259713265,0.47249881861045384,100.00000000000004,0.8240860375193855,100.00000000000004,100.00000000000004,1.5224439309689382
3.7325,0.4377522218125265,1.7093980662399417,0.2374085213478816,0.01973919674071912,9.999999999999982e-09,-114.28982910087689,13.56070883339271,8.45845878248474,10.203614579608649,12.859472884513863,0.7119914602920686,2.7801445695011355,0.7198860083651373,26.81065909322961,39.21255464808623,4.7402947935796504,15.271635625896128,5.813941331402441,3.4866035661277244,0.4769447638861944,100.00000000000004,0.9041486191408479,100.00000000000004,100.00000000000004,1.6076131954917758
3.7475,0.4780118084811567,1.6704962157638223,0.2386163299202125,0.019319789874449825,2.604828931569782e-08,-113.27152886455218,10.181640583090484,8.130382206679476,10.07568261817574,14.15064409862553,0.7294217958756948,2.7110437230214672,0.7321018785558346,26.4797924292602,38.64718630493081,4.6301695507359275,14.840880182472223,6.066779461913291,4.011294202863917,0.48406178939210537,100.00000000000004,0.7388950620678052,100.00000000000004,100.00000000000004,1.520305816537514
3.7625,0.4198658009302937,1.788635771380036,0.2507219751043403,0.01966098901800312,9.999999999999982e-09,-110.93257517226488,11.185276541858912,8.621714774498608,10.267666936885801,13.114249596801463,0.7248040654952882,2.9136805164122976,0.717798879288931,27.926843031761425,39.22422717527925,4.8512986976228785,15.725577519250434,5.804122522218638,3.5152665475277196,0.5018097204301496,19.86585117360241,0.9245443565575591,100.00000000000004,100.00000000000004,1.6299681368560748
3.7775,0.4673121882369,1.7572107699812127,0.24356423624695756,0.01937692005748677,1.3756914431689453e-08,-111.14570943986149,10.266609916929156,8.450652924649049,10.442960446804937,14.998472870278672,0.7261227962004884,2.829478899478601,0.7288641763836099,26.848082969762885,41.23118497967042,4.858915321449465,14.708127149535239,5.982481081253153,3.960804488922409,0.48051198082486457,100.00000000000004,0.7566951925783587,100.00000000000004,100.00000000000004,1.523603882327168
3.7925,0.47281963739534877,1.7066784137378943,0.23899371138705247,0.020190636260787112,9.999999999999982e-09,-117.3038659614374,11.959724166896194,8.326462660853121,10.378319838996607,14.264517334261216,0.7247158852009773,2.6976559838943834,0.7334789107985695,26.15324912256685,39.442827862799206,4.711469461787377,14.817369041929853,5.752761366171743,3.648610129027846,0.49340522335189035,25.183118036160675,0.7758081455224844,100.00000000000004,100.00000000000004,1.5848641991149088
3.8075,0.42586783016341706,1.7855953186589122,0.25205557964407393,0.020413978807036232,9.999999999999982e-09,-119.85741660986315,11.450216915924102,8.477811627820344,10.35748840240148,13.465402273912828,0.7223547322338845,2.7394414972997203,0.7241953996282359,24.52719643374377,39.810942967982484,4.820972964630238,17.479378628631682,5.911349869248788,3.4423809025438135,0.5245812092615912,16.158434983447744,0.8831504985152835,100.00000000000004,100.00000000000004,1.655802674562416
3.8225,0.5126839139444188,1.6606260501543042,0.2830664603972291,0.022095412596020932,9.999999999999982e-09,-133.07194265838524,8.493954166769981,8.113351727641447,9.887027986120751,13.923119168718284,0.7434162085798358,2.51336157430909,0.7191389539148763,21.231793378912002,33.41812335396135,4.398846529071196,71.06724526002726,4.4209599761821545,3.99036198086992,0.948515230734873,3.7412992941391447,0.7253179465423268,4.345319475529671,100.00000000000004,3.848007895030142
3.8375,0.4047090397357925,1.911140936037652,0.26112676240060734,0.020865249521523518,3.552411501906134e-08,-119.73090755364558,11.050870041828603,8.827962102174201,10.530024948617404,14.033255804407194,0.7288406052467006,2.9096465213541958,0.7169182247925642,25.20377871403898,39.882120535882244,5.009770097688118,23.169102506176912,5.469679005263073,3.7753735097270393,0.580735843834738,13.603207701352211,0.852188389660575,100.00000000000004,100.00000000000004,1.5849727062283565
3.8525,0.42008110298640844,1.8236744924578587,0.2665459729152501,0.020749652349002477,5.413773478417768e-06,-120.26890966468818,10.3265236672014,8.57637971055836,10.525196663431053,14.399069520832466,0.7211167635673305,2.834113166935771,0.7253473271157673,24.148275923522966,39.40590590732675,4.802893392721994,23.814001256387773,5.562865479336898,3.857505031898676,0.6115182446260382,11.714482319880766,0.7898138581832963,100.00000000000004,100.00000000000004,1.6311472459285765
3.8675,0.4280238660011704,1.7526447174781545,0.2739457600976657,0.022132503306404667,1.5487025343026992e-08,-134.44338367065927,11.034193917177618,8.280839666157876,10.243229919423367,14.108452323571454,0.7158112210197719,2.6373225388499746,0.7215408670834385,22.386685489842872,37.834731571320354,4.566563805822211,22.89364621801968,5.408299081983913,4.113512351089402,0.7193239292528589,7.232286195001956,0.7314375953529769,100.00000000000004,100.00000000000004,1.7242503690718878
3.8825,0.4388807920655947,1.8126839870759297,0.2900480598251859,0.02078412446539791,9.999999999999982e-09,-122.03890545004879,11.352210000157356,8.426728725516288,10.484651445331627,15.74326376984533,0.7277768237780243,2.770727503206685,0.7326572659227146,23.836717927913725,38.850028519700025,4.7000437898128835,23.131298917285037,5.688877408861877,4.647525963195908,0.7093226952110717,7.454089338012567,0.6924885636231797,100.00000000000004,100.00000000000004,1.6964811748937052
3.8975,0.4192157821974942,1.8570640381095131,0.28364666017857115,0.020823916660344288,3.2942294747856896e-08,-122.65497247625012,10.703139833174646,8.545887766792017,10.512726016220928,15.382047536493426,0.7179114829523323,2.8266442968175394,0.7268854587028731,23.35105790881834,40.154045413512144,4.8457502956804985,26.779953820242532,5.544174413710874,4.4846627128047505,0.6939632444193268,8.983650118829756,0.7161611364293324,100.00000000000004,100.00000000000004,1.6497122600568785
3.9125,0.4281693979421241,1.7501486149908239,0.2942768342186289,0.023089403837002306,5.959395075557692e-07,-146.78794982128977,9.279918415937573,8.197773410817975,10.116564759565788,13.82341748978302,0.7172187709837196,2.5037606808440027,0.7128552070164975,20.703258777598595,36.41463793234866,4.468038851004989,18.173918109550396,5.52548858046565,4.613495046893455,0.8129535823266668,6.231311691487781,0.7009751701971622,32.25104850322384,100.00000000000004,1.8080696492612756
3.9275,0.3895220276344183,1.96373247247046,0.32489359381207594,0.02031956153795329,9.999999999999982e-09,-116.93736155070968,10.160189749673009,8.833046489746506,10.614517846304164,15.804829207562053,0.7271019173066275,2.9530842256545307,0.730043340503056,24.11091109467796,41.06511358020507,4.963525600357269,30.983426297503154,6.344120512946858,5.411526044754751,0.7330921743066371,9.428641683232843,0.7033215316707545,100.00000000000004,100.00000000000004,1.6832931259281434
3.9425,0.3756410127227555,1.9660946649865203,0.3116872575352576,0.021706217240670275,3.1456053099337e-08,-136.1069728407016,9.567845500074327,8.62515529154953,10.140956890423453,13.509800103216039,0.7195997808404073,2.7390367292402984,0.7186828290909716,21.643248463858633,41.272595679119675,4.772174710168093,30.49059228298452,6.172022434967245,4.833546207958439,0.7700803857997356,9.443333588527576,0.7472685850635867,100.00000000000004,100.00000000000004,1.703057270091085
3.9575,0.48534373147188753,1.7519713505028822,0.31732664529955146,0.021178023439418815,9.999999999999982e-09,-205.97484107672918,10.658540749922395,4.936100689194718,10.328558388833818,9.46394409572819,0.7067393015047992,2.6419270249240356,0.6786881264826823,7.02869439527394,32.88577558982156,3.71930100637415,32.49721590907913,6.5087739074361135,4.812899343392636,1.0541112648486035,4.56366062530089,0.7065564857620795,4.448647311539998,100.00000000000004,4.067566180779355
3.9725,0.4534060493685235,1.9789370258542072,0.26153304732208765,0.027736508379350183,9.999999999999982e-09,-227.7130073634372,10.668138166889548,6.026266909079898,10.326662906659616,9.454235751873565,0.7242327232435681,2.7206417422444025,0.6770749240205013,5.517906498864378,29.590896779051754,3.864145668126908,20.99561920579122,7.352664944718974,4.857451481935241,1.0912576221461718,4.5218689182518315,0.7517674151195364,4.399204425501777,100.00000000000004,3.226541605380795
3.9875,0.4899155467050667,2.1448644246226096,0.26491771634938593,0.028750407573595597,1.7154938375606544e-08,-237.19561492590645,9.607305250130594,6.160249094131529,11.063957098064218,9.939836601000446,0.7251578541640469,2.8958581913800723,0.687837854654915,4.8539884724086235,31.457619775714203,4.166902522290688,27.51504559903029,6.984411592926609,5.075072403998682,1.1038459613264369,3.90350460889565,0.6999056816800227,3.659879922962048,100.00000000000004,3.7236128366677974
4.0025,0.4705786458649542,2.2420014704569122,0.25186753237172843,0.03233498373630138,4.656002522240389e-06,-249.69291840376718,10.594616665970534,6.6709365930751785,10.795241439591905,9.734467253028999,0.731554947260474,2.823197853813519,0.6875495255441999,4.830843950340467,30.187302389361058,4.186039447226228,22.062081055093408,7.588986131677765,5.195110781181964,1.1153429971697777,3.647572922444839,0.705200752883951,3.7107526096273675,100.00000000000004,3.233276425142556
4.0175,0.4797485344323384,2.3426855706031247,0.2494677469556673,0.03428144140532248,9.999999999999982e-09,-258.60200997899943,12.259460917208344,7.000481118212856,11.205572683779053,10.042221405078692,0.7384973457814832,2.896711985939389,0.6897173584711238,4.4932300505644,28.47296583069156,4.342478145062776,23.459227988604752,7.937596684258251,5.375511605956133,1.0776644328777756,3.199483790184454,0.6733274949601886,3.6039580580456256,100.00000000000004,3.200437183370717
4.032500000000001,0.4308214472156738,2.223200955829633,0.2672507030258307,0.031030081367362884,1.1011622320917482e-07,-249.44894200320738,13.082675875164568,6.362125561884783,10.429032332313156,9.36283053148442,0.7177276270413362,2.795333131004776,0.6799855112642772,5.0938132664309945,30.778736021689625,4.194427257011627,20.486603153274302,8.039144988614808,5.903959209078843,1.0871967695550897,4.077864822272302,0.7263253001328906,3.9766799062030542,100.00000000000004,2.7691841983716596
4.047499999999999,0.41149302255968084,2.2891158574164066,0.2563475128734325,0.03368755304551375,6.122066820763908e-08,-261.9213937240462,12.623714291956276,6.733311359523174,10.64090281380803,9.236564379669963,0.7218616103496538,2.664071724842019,0.687043500630744,5.009118260384448,27.58344667003879,4.17025433635592,16.6885451259646,10.38092425124844,5.9181266512090405,1.0861608359749964,3.5438722532784004,0.6687368246367932,5.751984275077343,100.00000000000004,2.1432316570511647
4.0625,0.38047752348092423,2.2692182356363597,0.27137007847980427,0.03154328754221524,3.663066633004927e-08,-252.38437368316232,10.539934457745403,6.45179190049176,10.235202854598873,8.985055446115677,0.7170376602827828,2.7152656930921517,0.6782037730568964,5.176284872635221,29.427736247319377,4.158962285018651,16.58184166024319,10.303200716753418,6.280523181049032,1.151132454287537,4.600026621337114,0.7115312987419775,6.074125448292271,100.00000000000004,2.0851861535856004
4.077500000000001,0.25064089653350236,2.0286623789427902,0.39018490522917526,0.023336918949257473,0.008921827789836476,-247.707844019524,7.179913084022701,5.2974990880096104,8.98274398149611,7.398112303847431,0.714478579847129,2.559441360095686,0.6262568350324262,5.162292122846381,24.815204981732876,4.123672716453711,100.00000000000004,9.860541488638622,20.920963198412274,1.0363466609035934,8.178355443613059,3.332723883068835,3.1771824004704103,100.00000000000004,1.4279138579327242
4.092499999999999,0.37457867103510323,2.264682279321304,0.2977322643725147,0.02638850703849304,1.7265486416599492e-08,-246.93346178743118,10.628631500061601,5.5938911962201905,10.093382361109112,8.96361523751675,0.7101763544446307,2.7832948360123955,0.6732548305421825,5.297008607350857,31.74699348855935,4.206687287102772,22.543860338058618,9.196765614521738,7.319036109770814,1.1026589558237512,4.4855111092490265,0.7116019277856543,4.6689365446768205,100.00000000000004,2.4394978112430916
4.1075,0.3246583374707314,2.095511808111345,0.2782575457908163,0.02465765053536218,7.177068413396824e-06,-238.9128508956323,7.280780333094299,5.086081729877268,8.883545558033386,8.094738270642827,0.6735396241768165,2.4947138591256297,0.6643264509423317,7.218211935692542,33.28689294887994,3.9145257696574958,16.451163753525663,6.688132244007282,4.61675983977442,1.1400938122431519,8.828146986203164,0.8492788034448814,100.00000000000004,100.00000000000004,1.7524676869203526
4.1225000000000005,0.27333997802275034,2.1132399611963537,0.3622470136997917,0.02291010553803061,0.0037126913743930202,-228.39100958303834,7.923307209275663,5.032432326336625,8.528916054840368,8.069606742779063,0.6569404720013354,2.541433341610357,0.6619503141842086,8.60317579417404,34.362843362459685,3.9480404338592394,21.844571502843692,9.879237376810721,7.985762636725049,1.1545593236489375,14.74985951909907,0.962632692955827,100.00000000000004,100.00000000000004,2.0648282884505353
4.137499999999999,0.17538766782823703,1.9793023274761796,1.3332761801984376,0.019572201807791487,0.012070976124454695,-211.15704727396465,6.432484124787152,4.994530895807179,7.492459166937627,7.739778157286238,0.6464980065650563,2.279708106170153,0.6520470055563886,9.368348895398949,26.53607403299868,3.8381429332961896,100.00000000000004,100.00000000000004,29.0172632702454,1.5591223477775988,17.38578176738391,13.085392077503439,31.057201650425785,100.00000000000004,3.6783989657463483
4.1525,0.1586316403519765,2.0953294357475167,1.2555843828588944,0.01918959574699947,0.010131894087336666,-193.50535694748652,6.087071416899562,5.192798059196519,7.745405343539452,8.240591438899536,0.6643756151626826,2.362822804236404,0.6604757851219533,10.615691858998865,28.699477214110413,3.946646802913979,100.00000000000004,49.03954860350998,35.33271037954692,1.3333878219450794,35.17524032566806,10.76693172440255,30.073354832140428,100.00000000000004,3.488870499877061
4.1675,0.11925522142172051,1.9537953682379636,1.2741169203750893,0.018304825312185885,0.008248515426620553,-181.84499858666612,6.695909082889557,5.629430985186996,7.1490158504321695,8.111274917331171,0.6201578873923217,2.3076384125246934,0.6523189708653647,11.979740856570238,27.151311690954422,3.890598515116183,100.00000000000004,44.653486722896105,61.64321969329134,1.2304461056982727,36.068736655577446,16.013957941312725,39.373838137665324,100.00000000000004,3.432054346649551
4.1825,0.20676223191767754,1.935137242258263,2.9731728215055773,0.0197873868037524,0.008244580989015819,-211.9091999569311,10.03207795927301,5.986237094626413,7.398670381765447,8.340644844223688,0.6385401793480536,2.133888571262442,0.659052544553276,11.65909255638882,25.85456135426353,3.7850897147345974,96.30926715733526,85.57242365152807,18.894278928709433,2.5275440356448344,46.37061167790471,1.6745446327484381,49.75216324722957,100.00000000000004,4.601291380670602
4.1975,0.21180528141385668,1.8763825044779305,0.42640761397839083,0.018568492114079904,3.496551041234664e-05,-222.08999668755436,6.7705221669748425,5.675639263809055,7.351911080478981,7.641941206361162,0.6426258976663062,2.263280952273532,0.6320915344776562,13.314628767889355,25.964942715729997,3.733534764307002,29.56142988705223,12.221661632984782,6.171805178561245,1.592006058312539,15.732966442381224,1.0166699780073494,100.00000000000004,100.00000000000004,0.8177280100071506
4.2125,0.2352293330773001,1.9216175277695058,0.4994368957839197,0.019635511445347427,5.1882038487254134e-08,-235.5500333351221,9.024571500252932,6.325594346596401,7.208272437282975,7.98865972904226,0.6306611308899791,2.152352494278926,0.6532268804547411,12.154935986694785,24.72715440916023,3.823229301283726,12.04989864558974,100.00000000000004,7.2448664082535945,1.3094495471885004,20.164972018963983,0.9883040661964894,100.00000000000004,100.00000000000004,0.8655529581470781
4.2275,0.214317121378378,1.897861019945836,0.536890711980207,0.02081465219769291,1.175747090137398e-05,-219.74455653417414,6.296821207739413,6.573930667292389,7.104791876259536,7.557202156365031,0.6888172762463382,2.2485477801340252,0.6233022694483089,12.198231238579654,26.01802285974571,3.832527814666147,24.34805226807764,18.28268886982791,5.076586089742873,1.6670998464118756,100.00000000000004,1.0219431120131774,100.00000000000004,10.595565573397128,1.049844823832387
4.2425,0.2506513532243642,2.0704471152570783,0.7784559487345453,0.02154012612153602,3.5821659776932674e-05,-240.78199733347418,4.652376833837479,8.203438170798027,7.625972125303982,7.81779778911781,0.6434202931325587,2.437068567675766,0.6483728426600278,11.70661178107236,21.707044377398226,4.180468696380797,100.00000000000004,2.0825530185685848,2.648564561287827,1.8863866770371518,100.00000000000004,1.0953028135540135,100.00000000000004,100.00000000000004,2.2252025671285294
4.2575,0.20598157224429212,2.032236141369469,0.5842690069935743,0.020295290217647033,4.993225550796926e-05,-224.8485833693495,6.0275019579567015,7.244824258342587,7.19948484095992,7.753672772300387,0.6695732581505129,2.347201197029038,0.6416427540300131,12.15395986406929,25.355756223790404,4.068940110029231,15.452015836551466,100.00000000000004,4.942649007958754,1.5002123386072053,100.00000000000004,0.9548963857421173,100.00000000000004,12.519374609874996,1.008647646322305
4.2725,0.1652639684909951,2.08294383856555,1.9850892699942908,0.02365406439828132,0.002842531898401414,-219.73626041049027,10.612359249964356,8.224327967369694,7.447059505391113,7.5470608769549425,0.714147713884339,2.371945055649208,0.6447692094660887,13.206233957205052,25.999105254685695,4.200231408291006,16.808950602553978,12.692371886439664,24.711357946447905,2.49654386013444,100.00000000000004,0.5849921043932802,100.00000000000004,100.00000000000004,3.189160516369665
4.2875,0.22692706693987932,2.218322756448515,0.6338580942575582,0.021676622140382615,0.0013257702402378253,-236.32434654264318,9.639234832953662,8.319306532371556,7.66582601656591,7.533650336082879,0.6782216794532496,2.6076953615204994,0.6402008411480594,12.811716475489341,25.754943954374934,4.428655406318062,13.403846672289946,100.00000000000004,2.9964844379575535,1.4785074603696946,20.863971740094257,0.9813358950196919,100.00000000000004,100.00000000000004,0.9350601342256928
4.3025,0.25664747467978405,2.1912822847068623,2.576704333638722,0.021829551395208393,0.014467641523164685,-232.34494625346966,9.114155333023518,9.200719606745931,7.914024314600376,7.6774664882550026,0.6795355781716091,2.665577321372265,0.6507401697691299,12.441164264942284,25.953819229529124,4.4711906378014445,100.00000000000004,100.00000000000004,5.976636831347054,1.4910602575102245,18.702291597569943,1.106155549082665,53.56644700821403,100.00000000000004,3.8469259933278215
4.3175,0.2534959470254652,2.233645195106294,0.9180638649107529,0.021448596994946695,0.0020702176027680066,-248.31334660903616,8.298740583006293,8.39963686732573,7.857725094145171,7.282431074660658,0.6759256095613088,2.7049148557421403,0.6341279389764892,11.575487181146705,23.12951820129236,4.276230402510795,100.00000000000004,2.1584958736839597,2.4400139996114456,2.055579828482174,16.314392148814985,1.113556646305821,100.00000000000004,73.81207660622945,2.3593650962648796
4.3325,0.2507811988795173,2.2411663716738697,0.9641004462726469,0.021240115191985032,0.0006029849142459494,-249.6428725527285,8.26142462529242,8.103235972472154,7.923414000252292,7.3935518439285435,0.6685591733749243,2.7267130807229276,0.6375899716458634,11.14048255870837,22.321015377629912,4.229731490353277,100.00000000000004,2.1182972804654736,2.4859576065273354,1.9586216420331541,18.807487337728197,1.1315527752849341,100.00000000000004,92.968659058065,2.4095155434018367
4.3475,0.19838864042945345,2.3495998318463567,0.825479489449507,0.022575256082943584,1.3087798209665112e-08,-234.61944199472356,9.406231208704412,8.10718290072927,8.127371691721246,7.731675233471846,0.7137219327504285,2.7172280255179575,0.6416429797624985,12.014542619628674,26.3238524250575,4.381874763155984,20.096892669649367,100.00000000000004,2.084161781829565,2.010948410204619,15.986674720000556,1.028979295500605,100.00000000000004,24.947661045029257,1.1377166583293756
4.362500000000001,0.2600219810854888,2.3117720087834965,1.1208714272909348,0.020993798181814374,0.0011240969191642011,-246.77365349890857,8.78072312520817,8.81350069953422,8.312904858741476,8.066514393110351,0.658008301049566,2.6147787766128023,0.6670072639852151,12.201065281528505,25.673024955809943,4.318157714423105,100.00000000000004,100.00000000000004,3.023872761753015,1.1504532388768276,12.50035136845174,1.0571985259029897,100.00000000000004,100.00000000000004,1.391980423656116
4.3775,0.2156106758911776,2.373396898209202,0.9125387328810103,0.02271853243909206,6.885693129981734e-08,-235.81804482269305,13.951096250209957,8.644578796353635,8.301414754092322,7.905678404727729,0.7011095947598619,2.726946017286531,0.6676752043031046,12.676222698556534,27.500967053336513,4.396273190315953,29.250897139795388,100.00000000000004,2.2489882545938022,1.4960646383482998,11.042708289666107,1.0449520161888917,100.00000000000004,80.96160488143762,1.2303620717788455
4.3925,0.2191975060408617,2.338019415435221,1.0424543868193905,0.023088156740029585,3.343536716818229e-07,-234.7041557729297,11.168765749782324,8.746799170455963,8.224483282098337,7.898763300835642,0.7056332666270868,2.8486675577399607,0.6627628838369223,12.261516873135085,27.71151589210901,4.391019300674824,30.145291969589,100.00000000000004,2.31123003199451,1.582154032785445,10.31357888688434,1.0169738031106936,100.00000000000004,48.56576087598389,1.3273459877647007
4.407500000000001,0.2559638806090923,2.3071911359825417,1.1619903458749654,0.0219514539310186,0.00012873013918677297,-242.95578689939367,6.967334875371307,9.027288002361175,8.325059493485673,7.914056243656196,0.6610011810961638,2.752065171112121,0.6831691242765856,12.601241185232073,27.313429235173178,4.218377876416886,36.578490033798545,100.00000000000004,2.8183661135983673,1.1970324639374648,9.099895881776527,1.080738032759774,100.00000000000004,100.00000000000004,1.4291560826577534
4.422499999999999,0.2698297326891597,2.4536864869996315,2.423333479333343,0.024431469210097752,0.010733380800935135,-234.80760412208173,8.102014707867056,9.616168460499093,8.346304565566,8.315917682674963,0.6865896887336972,2.7012414364687225,0.7120448790065474,13.299201188284908,29.804948607486935,4.418629682074685,100.00000000000004,100.00000000000004,5.023044631361212,1.3878462767252826,13.532754215554665,1.1233627912108528,35.2504518909857,100.00000000000004,3.573223701046397
4.4375,0.20044788670977895,2.5303858747055203,1.248329066888029,0.027452509582816156,0.0009541584284231595,-233.15297800830143,8.113950249738991,10.146886313681993,8.374518273469171,8.708881214932521,0.6983973520776046,2.781748131824072,0.7419260336283275,14.300960609074679,30.084430832522248,4.504067601778981,100.00000000000004,100.00000000000004,4.217259214007043,1.1732002474779,8.482413578551975,0.6316173663677116,100.00000000000004,100.00000000000004,2.9440833663741826
4.452500000000001,0.3100487518642662,2.656743227137412,1.9052906394921778,0.027941305259231337,0.008294866706463257,-241.03776991128444,8.6392926662229,10.66256998255658,8.715352316820336,8.576979198849443,0.6946729533562715,2.6878725229708644,0.7785764881729001,14.00869795415695,32.904190830036846,4.5154808549125836,100.00000000000004,100.00000000000004,4.694287458412437,1.1865029225785577,10.18213413260444,1.004023863005372,21.799904797573895,100.00000000000004,3.1903720799775854
4.467499999999999,0.24255721696908494,2.6369894434493846,1.7487391204344342,0.026320328024309485,0.004794714083970662,-233.37328623805308,7.0020293751731515,10.69585432909268,8.51629019619877,8.821547433085845,0.6910215867866,2.6393729503311714,0.7879687047404847,13.49602071626803,31.101375623292235,4.500580945496967,100.00000000000004,100.00000000000004,4.583121583228684,1.2749841435636013,10.202819626690994,1.1096972892883843,19.51775334560104,8.777814301858237,2.9052940926051507
4.4825,0.22625675082482932,2.8339650409905666,1.3364256743401308,0.03071149453093506,0.0001057041048934916,-235.2994082501973,4.887005750089884,10.886713070036574,8.759489863866325,8.908497668476624,0.7168864109787108,2.778313441160411,0.8450348836680537,14.322277298951567,32.42393328637952,4.524327932192869,100.00000000000004,100.00000000000004,3.9464497251215875,1.2429473794936428,6.818520566984582,1.046109349074065,12.171362916843652,7.636012697671809,2.418218378429699
4.4975000000000005,0.3497672295534136,2.999743071815737,1.1614226533522196,0.03385589681718911,9.044164949788586e-05,-236.2829074879467,4.665561958216131,12.268845494181537,9.1366890959138,9.551777850877679,0.7116054804166485,2.817207028337979,0.8945686613609417,16.73156729557031,36.446509451169284,4.870157537605467,100.00000000000004,100.00000000000004,3.9473177003918622,0.9962461321074751,5.074403450557893,0.8275975279906497,12.134949846025787,100.00000000000004,2.800087896939311
4.512499999999999,0.3129863906563326,3.2577340879778784,1.2735177942380562,0.03343891344865684,7.776336222970446e-05,-239.45220131941824,5.137210250366479,11.961190863905655,9.293403066126293,9.644388791268542,0.708392185454626,2.6217784420243255,0.9468736564601685,16.634175375138565,36.24521787969029,4.917672977291634,100.00000000000004,100.00000000000004,4.200383157585077,0.9721556453863108,6.766247921615076,0.8504754823517462,14.142473805486235,100.00000000000004,2.7585196106924235
4.5275,0.3224350142867391,2.9223706278373096,1.138941608725311,0.03719146645269489,4.0554848358520816e-08,-233.06739026665082,6.516034041997045,12.096862091176483,8.979721104461214,9.624021539143717,0.7356552722117385,2.9963607133658847,0.8982057384962016,17.363951387682782,37.31582288620389,4.8857042442822305,100.00000000000004,100.00000000000004,4.123776680992113,1.03491246738436,4.396522684577665,0.8404088241372354,11.740031192857645,100.00000000000004,2.674822912862102
4.5425,0.3213885565980736,3.0634578669008716,1.0285846244005725,0.031086854251588386,1.9821433103829615e-08,-239.8922804677748,7.116250082850456,11.756663799113744,8.943137818816114,9.454671457819007,0.6993894248576522,2.5579048288119184,0.9197879382970657,15.996142892143995,35.93270951021824,4.78395780443239,100.00000000000004,100.00000000000004,3.9224663877349997,0.9595811376142606,4.5866304609665995,0.8182842961705284,11.42245083628508,100.00000000000004,2.6800605454927795
4.5575,0.3434480543248847,3.0273329377343514,0.8677005430702287,0.031151890622744715,3.279713951089933e-08,-237.7295520347016,6.999077041167766,11.50787689004702,8.985061596712793,9.478725098629258,0.7014004265755436,2.5815519958678164,0.9249687898120532,16.236837948410695,35.57584372095667,4.795463112366626,100.00000000000004,100.00000000000004,3.8264416096951512,0.9253403370291174,4.260224175999003,0.7655741438467006,9.407625359550533,100.00000000000004,2.644160711737351
4.5725,0.40382556887645704,2.6880864162868066,0.9635680446316464,0.03955650041699335,1.3335993579033915e-08,-226.5619456083727,6.748909499961883,12.698199461633239,9.262448780000856,9.341781179088569,0.7305617012538915,3.2235483235187945,0.9302462928870417,18.875788351259995,39.72992029490045,4.877369751077777,100.00000000000004,100.00000000000004,4.658341466399978,0.9731874367721673,3.164270579784969,0.7822772059857448,9.54856514615257,100.00000000000004,2.7018118710411705
4.5875,0.37008706315462453,2.920790606726758,0.759939916471893,0.03132775415286972,5.983506676145104e-08,-232.16947576773418,6.901886709034443,11.603502895982706,8.884845181319315,9.596429976279564,0.7011571723667263,2.6125584323585964,0.9368062930082142,16.301321612051694,36.00205261015916,4.855576119109945,100.00000000000004,100.00000000000004,3.8519623853875116,0.8912564094806156,3.794975273342915,0.7253195936090759,8.43519515713331,100.00000000000004,2.6003500160452564
4.6025,0.3347165484823006,2.8256702067526707,0.9327315404044529,0.03467303693625502,9.999999999999982e-09,-230.60181323564325,6.896250625140965,12.517196314586341,8.847076537117042,9.565764343991075,0.7026717638720843,2.7476254425473012,0.9253472397082735,16.050911939107266,37.00833990631535,4.888972690962615,100.00000000000004,100.00000000000004,4.822773560325153,0.9744204900248901,2.7061323263114465,0.8693214549327674,12.722612610506088,100.00000000000004,2.68910988090481
4.6175,0.3546075214324842,2.6189585619708193,0.9566519269256227,0.03880939443931382,1.5735498078023667e-08,-225.96655359431415,7.533624582923949,12.956865193165614,8.810687946716692,9.35285385531117,0.7048858039670736,3.1388324935639553,0.9158443663999003,16.7528781067156,37.97574528566941,4.811771657871259,100.00000000000004,100.00000000000004,5.102106818844957,1.0115343443396454,2.5454186275989104,0.8815688368898336,12.890801287723828,100.00000000000004,2.6981889584957663
4.6325,0.37271929334239934,2.689340941853311,0.8720149398919641,0.03851623771189572,2.3774017773498844e-08,-228.39943397854006,6.369207666721195,12.792079296382887,8.986928855034558,9.276492437726144,0.700671316591294,3.0852125186515593,0.9412615311885647,16.894633984249076,36.919590238033045,4.87979996986135,100.00000000000004,100.00000000000004,4.80234945199519,0.9476755016278193,2.5856675228546844,0.8433662844329601,11.453846122981567,100.00000000000004,2.6552072895692183
4.6475,0.4056881806814727,2.324631199577904,0.9763621423662417,0.03566924212002567,1.4023309422395811e-08,-222.7218108401923,6.802661499939859,13.160591382306341,8.57889827852849,8.740164352537775,0.6928631759515426,2.866424109824271,0.9056100726206205,14.691242713677843,37.745278291215705,4.655814407550373,100.00000000000004,100.00000000000004,5.264200744843386,0.9606593968880085,2.785174890232025,0.8553020159891018,10.180837813385319,100.00000000000004,2.856579855170332
4.6625,0.3356523999276605,2.287144665726966,0.9942072254945619,0.03293554029430758,9.999999999999982e-09,-214.7088722794317,6.164366957731545,13.611722134164207,8.007808177662424,9.07003516518931,0.6836164900271148,2.8938298287532573,0.8608965167247026,13.95947631986059,36.83287636827995,4.54512778451324,100.00000000000004,100.00000000000004,6.062140890382714,1.035164504536359,2.269057131018403,0.9625572897178941,15.067063455880259,100.00000000000004,2.755002018184902
4.6775,0.43624716859086926,2.084178584327586,0.9973078336652388,0.036965093527487926,8.779128024976065e-08,-210.58510037482577,6.910396916791797,14.51028965515274,8.389717665552194,8.436911911254189,0.691704025405916,3.3221341934982482,0.8833156686950467,15.46883115087609,39.55783322019175,4.497796677204049,100.00000000000004,100.00000000000004,5.762565602828282,0.9621106322598352,2.6521441714697476,0.8457551821954493,9.78941041947708,100.00000000000004,2.9923940337094836
4.6925,0.3412370507204041,2.616208407400963,0.8526519266657949,0.03828145937562176,1.1918787397090606e-08,-217.10164573566556,9.66871204180643,13.928559420778141,8.616561086297502,9.36687154332714,0.6928198717549624,3.074934445191378,0.9620323656748646,15.738736989627798,37.69760972159383,4.823469903942382,100.00000000000004,100.00000000000004,5.292222237038566,1.0032386121978987,2.1396648863180308,0.9371326968435303,19.202683471679258,100.00000000000004,2.660883272839248
4.7075,0.4578283150181797,2.320885379844147,0.8963115192410787,0.044079620676157054,9.999999999999982e-09,-216.18484261328342,7.813138457946479,15.724376225256727,9.107308430791283,8.655179370888023,0.710466148981406,4.090739352245056,0.9099892128850895,21.829983630325692,40.652824727719924,4.706295847893242,100.00000000000004,100.00000000000004,5.117872962574963,0.9524865005443801,2.4513588964001314,0.8078852774603787,9.276192635957665,100.00000000000004,2.9464027471593464
4.7225,0.11262776739428226,1.9623706428755976,0.6281274509631969,0.029866958231099357,9.999999999999982e-09,-214.11655932404489,6.602159125264734,12.005933064375418,6.998573933739365,8.4376000456599,0.6571524129404144,2.8798434111096674,0.7925610660976123,12.291254775084688,31.127141652726763,4.0695119952629755,100.00000000000004,100.00000000000004,4.066207422145748,1.130488529958879,1.9436520211473947,1.467320648725972,100.00000000000004,100.00000000000004,1.0900275476715384
4.737500000000001,0.4114825182007484,2.6349342087228953,0.8506225642745324,0.04690544042854391,1.6314217383845486e-08,-224.3392636106958,7.244482750073075,14.758550696794313,9.210720942240405,9.06328287092304,0.7039004661730324,4.0856328596185865,0.9692043135311988,21.83349935326416,38.457168525353644,4.865068076599241,100.00000000000004,100.00000000000004,4.975450081249829,0.9581860519091595,2.1981948000462626,0.8581510032590587,13.31358918604179,100.00000000000004,2.765315430088382
4.7525,0.3598991992223905,2.716257100817469,0.8153375699056228,0.04354339504699736,9.999999999999982e-09,-219.57887669976046,6.803936542011797,13.363004095439361,8.97173788323075,9.465493372685698,0.7010248262965191,3.4520062870703243,0.9986982624504303,18.023723827894774,37.85606679780931,4.932566045687232,100.00000000000004,100.00000000000004,5.299229326719029,0.9788271496186512,2.232720344163872,0.906913506418391,18.01572699919564,100.00000000000004,2.6352484391547457
4.7675,0.371336845821228,2.606811061639323,0.8657483897463208,0.045630368569843205,3.070075590182766e-08,-219.5229570270576,8.261116791982204,14.275587607432097,8.835347850890471,9.295991142618558,0.6979568884035602,3.782964418318814,0.9728171105234131,19.635346387432406,40.10641294023076,4.8329790164172115,100.00000000000004,100.00000000000004,5.330432094811569,1.0144815216048695,2.245384414961269,0.9105261600677422,15.645642479744238,100.00000000000004,2.7311034805993266
4.782500000000001,0.4766635417706446,2.222091762077237,0.8693903233963985,0.04143941159449918,1.850808790960003e-08,-200.83111960373137,7.609785499982536,14.385504268641125,8.98549304295192,8.66869896164477,0.7332157145611743,3.9322236140800184,0.9263564526427938,24.90605484200502,43.32417958365411,4.685868475029427,100.00000000000004,100.00000000000004,5.276125681065057,0.9446773271650125,2.7655976907556012,0.7553944685526137,9.420954030544872,100.00000000000004,2.976578670891707
4.797499999999999,0.09037215337613268,2.1969550791262242,0.5935375084114708,0.03378919925494184,1.263646975491659e-08,-209.1856600808573,8.703232042025775,12.545991594895995,7.270605591451535,8.81767885843398,0.6784971095456718,2.7728078374232337,0.9122879373200136,13.388268367243349,33.58827414144426,4.348476660746215,100.00000000000004,100.00000000000004,3.8394544839038813,1.148236238069326,1.9267202459207715,1.5231822268255049,42.76633397927456,100.00000000000004,1.099708691616235
4.8125,0.4397663799842655,2.5062581727353392,0.8966832124704263,0.04476646139969741,1.9637064011216612e-08,-214.42947356301775,8.023269542027265,13.570411102566567,9.156459280941386,9.061618381060368,0.735802574886297,3.8738353362725726,0.9703918893910837,26.275683357060945,42.62911942043687,4.853259989494289,100.00000000000004,100.00000000000004,5.190861471657366,0.9629688466928714,2.724381393479499,0.7575733354226888,10.61463210620226,100.00000000000004,2.8658734150426524
4.827500000000001,0.19099888873600848,2.078691685787116,0.7467291521618131,0.0330689591786605,1.388621100526177e-08,-220.4771975511178,8.390144832897931,11.420499620948249,7.239913418318009,8.340369072003023,0.6708081154014001,2.5905970406553163,0.8421158149148522,12.511009906485828,34.04467115939797,4.184201216490318,100.00000000000004,100.00000000000004,6.279147661821871,1.1090937946958903,2.3414824514314496,1.1456857224255672,77.08341330634411,100.00000000000004,1.466102458396933
4.842499999999999,0.38718416000925043,2.079680607075301,1.0312318730482974,0.03434085922624705,8.141429237290928e-08,-205.75160360047968,8.94928316725418,12.978095618526584,8.015620926117608,8.44262811329494,0.7186318119323065,2.7093604111904876,0.9161742596710738,16.894340227442736,36.933484035681246,4.41032073353849,100.00000000000004,100.00000000000004,6.742552457720473,0.9661466267816066,3.405754381251365,0.801645631783878,11.372895763045758,45.82471208852865,2.808996785242155
4.8575,0.2959617105385436,2.4643123685306882,0.8543222296166346,0.040913619749273475,1.9041999637444272e-08,-228.0914824933596,8.182090250309557,12.48575487406156,7.956568080306944,9.006241421323356,0.6949806830078887,2.6963972075718634,0.9558684131864799,14.755196858679223,37.50787875545896,4.635564138835624,100.00000000000004,100.00000000000004,5.749039382517564,1.037176609493024,2.6686345102847397,0.9640668785254735,15.10968680807971,100.00000000000004,2.3851333197123865
4.8725000000000005,0.32272353846486435,2.194307820340097,0.9150577244404697,0.03556087428819092,1.8190458930104975e-08,-221.7631169181725,6.98257949994877,12.856439539960865,7.6187035959051554,8.777633562992051,0.6841011565912031,2.6356706301731307,0.8786436241404042,13.154856309848334,38.21690773383298,4.363314248173031,100.00000000000004,100.00000000000004,6.401588384956094,1.044050982515777,2.4105237156784325,0.9733938721559935,13.49834801417646,100.00000000000004,2.709784473315026
4.887499999999999,0.3045179880524936,2.4519105185614176,0.9012788704743568,0.04109298864877032,9.999999999999982e-09,-221.65212384613045,8.567184875253588,12.842456366830014,8.001768718745623,9.115777218777751,0.7000791701222497,2.7739430892328985,0.9711684135660266,15.831100556407975,39.85040484116676,4.621365247714115,100.00000000000004,100.00000000000004,6.458006058262799,1.0506956977244162,2.6351008239395166,0.9574895978354925,16.561515628109294,100.00000000000004,2.410521417488032
4.9025,0.2326138923148479,2.3668144795113695,0.9676770836058972,0.03833260699679939,5.3311625431267985e-05,-217.91196745531633,6.355930541176349,11.877409406491639,7.4939893217056825,9.102626779630155,0.7176791347376953,2.5024869255369517,0.9317862158255159,15.064070506501528,36.87946536490602,4.4938696005695675,100.00000000000004,100.00000000000004,8.19534705728487,1.1269975358699045,3.171045424347637,0.9727543326160388,17.827967534194354,69.50174073152948,2.1752720462608006
4.9175,0.21962108474038408,2.436554762434523,0.7953939381590395,0.03599254020567314,9.999999999999982e-09,-219.06598634579217,8.9722307077609,11.6385833083704,7.767372193993087,8.964775600851548,0.6893107913793505,2.3830391020343114,0.9764968927156299,14.075984916286563,37.517944573426746,4.5487215104127925,100.00000000000004,100.00000000000004,7.522423025964798,1.0751788779958225,2.5343423330549206,1.0607816744993748,34.871472798152325,100.00000000000004,1.7403310021646503
4.9325,0.19871263378005274,2.196402477510755,1.6135372105202856,0.03215617429465678,0.012951610251290458,-219.52493950160476,9.246600000187755,11.201150113979415,7.342007749185973,8.686158983772653,0.6935679991438368,2.290143392416542,0.8765337443893847,12.81296826013339,33.29872854317087,4.322197924737485,100.00000000000004,100.00000000000004,12.320277031068342,1.2734659401498212,8.285242270131736,1.1907365564854733,21.859969129801314,100.00000000000004,2.9344764943098753
4.9475,0.1318101146385384,2.0433521603066502,1.3273213694771564,0.03221704315411609,0.012416589490208867,-229.3854452314672,7.860462333075702,10.111109000743399,6.845805994419286,8.200883423968754,0.6913047570876294,2.1373000666777955,0.8276693686928713,12.021014216125094,32.250937039552184,4.080416063495076,100.00000000000004,100.00000000000004,19.758353494505755,1.302119228446644,8.835135823797998,1.3282087372082898,23.683879416558387,100.00000000000004,1.8911016301581431
4.9625,0.14253577103041923,1.92733412774917,1.4617732448868976,0.029384411872302375,0.013496958642636234,-231.84366135824024,9.314244292210788,9.889922573713198,6.829994760450847,8.211789462217073,0.6709632867422531,2.1870050795578724,0.7683248269699884,11.750306369657249,30.836150188150157,3.9967732615633174,100.00000000000004,100.00000000000004,100.00000000000004,1.2472447448907291,8.966403332155423,1.272521783680074,20.325909561610953,66.47609227539736,1.9348119531637697
5.25,0.0010000000000000002,3.3993806340842143,0.7670458945360065,0.047794698854644574,0.0024194797445419515,-153.22217777837432,6.487282500136644,11.318544013442313,8.3109477960133,13.498825716598088,0.7567738424465535,3.0765487618402374,0.9008384119289906,29.59032760776612,39.143077763943815,5.13576619422476,100.00000000000004,100.00000000000004,59.730639697384625,1.489466672999093,12.303182098453233,2.4443359426192472,100.00000000000004,100.00000000000004,1.701071065207716
5.5,0.0010000000000000002,3.872262304940877,0.9846070349604179,0.05586909057868232,0.008564862525969733,-182.0795207277057,6.715842208825052,12.61722314300564,8.810378788078705,14.752892127615103,0.8044024906126153,3.1010410763274394,1.0495718162834542,51.70570809099122,38.582295240271904,5.393507094725532,100.00000000000004,100.00000000000004,100.00000000000004,2.154788783063568,19.214718418206253,1.8791432632449836,100.00000000000004,100.00000000000004,1.7919866737409287
5.75,0.05717748527497878,3.3524160829111667,0.8480257130561996,0.04977636034778036,0.007996547035074696,-207.29456337497948,8.046052916906774,12.591697826156196,8.550712086880512,13.574196184551523,0.7894303420964368,2.935950186651658,1.0533601179767509,70.13818487214007,33.45004026397851,5.039373885376956,100.00000000000004,4.849279672606585,100.00000000000004,1.5784189873437238,13.628973614910175,1.130661922744273,49.37526420889488,100.00000000000004,1.4130578102470464
6.0,0.016234029965142237,3.751978808249103,1.8225064417318824,0.059541952272797766,0.009591042258379581,-168.11048984945393,6.315451290924102,13.605553021209928,8.670724326741565,15.670784709740998,0.8883774030977417,3.0334770517773646,1.0764199304070994,61.85529580516194,46.23428963238612,5.193975550508991,100.00000000000004,100.00000000000004,100.00000000000004,5.377456709768243,16.778952137738443,1.8010321824473658,100.00000000000004,100.00000000000004,3.040463015264519
6.25,0.11636247526333232,3.0734519387677697,0.8308693702632391,0.045054646851262356,0.003916098310837234,-176.90525445003396,6.448363833595067,17.10178625313734,8.78313075689785,15.573936790123623,1.0552622924594801,1.5817529090907614,1.1391615194995843,49.19741650017456,47.45445036958088,4.881536370380365,100.00000000000004,100.00000000000004,11.034925768636137,1.5953041389526883,1.6615557193513495,1.371709826831245,100.00000000000004,100.00000000000004,2.90645445826018
6.5,0.008248012402125155,3.5295640922301224,2.0769384607148695,0.0555466197736404,0.006593778071112406,-160.2508494687737,9.732946790754795,13.59906133715312,8.14335348538073,15.361456256737958,0.9533203871591113,3.040867603208111,1.0471029161736225,78.76021850104665,33.441236222410645,4.722038304970425,100.00000000000004,100.00000000000004,21.88719851959906,9.165012089104312,45.53603693378271,1.2488390526103366,23.4877916524869,100.00000000000004,2.197279876610491
6.75,0.0010000000000000002,3.7604992868349094,1.5976892857163811,0.04916447362333419,0.009359713015050732,-163.44191642346306,8.032420457806438,14.145297296529149,8.324939193518658,16.405101305527985,0.9217290544594742,3.21584050568865,1.0661138603482048,100.00000000000004,34.126723752148365,5.046105209664765,100.00000000000004,100.00000000000004,100.00000000000004,1.7401785991133487,28.47918614654726,1.4923336441391288,83.6944502833112,100.00000000000004,2.3070752844846805
7.0,0.0010000000000000002,3.5887238112096256,1.6501864361438348,0.05348946958853582,0.010569675509510316,-160.93857595107426,7.961375749669969,14.439562959955458,7.7349435345884165,16.20378674888697,0.9877251402282302,2.918598884875841,1.097335889154591,76.39705203814118,37.51356618507717,4.914765000935843,100.00000000000004,100.00000000000004,100.00000000000004,2.970268299936676,22.80153312870798,1.5633334984084508,100.00000000000004,84.53772343240473,2.484181044899617
7.25,0.10456258506671855,4.455678113690097,1.3132021192581036,0.05217386359238435,9.999999999999982e-09,-250.31182991348663,8.535060958005488,16.299803825121003,9.792465141139356,17.047178629613683,1.1754581724741608,3.133452959921299,1.08697075086422,5.12972650359865,27.265695448521832,4.920071528550739,18.946025152440274,100.00000000000004,1.3249454430019452,2.0685946662102213,9.52724142078532,2.106675409063064,2.1889693040008478,100.00000000000004,3.1390914162653543
7.5,0.11289409749671245,4.305551634475033,1.2332582281170954,0.0482666175272612,0.009837984035647751,-239.00906336938036,7.526645292062312,16.826953696843056,10.620979228830354,19.569095220452972,1.168946637347471,3.4248192595676836,0.9524827166900933,4.877199928008541,35.144510792858135,4.637134227745966,100.00000000000004,100.00000000000004,12.933703421992153,1.542272263856468,13.901149062393916,1.4479429625779092,1.5963810793926918,21.008321764823876,3.034360771552271
7.75,0.13206607429838704,3.999201623097606,0.8082079790354117,0.0403943979939736,0.035461152562828356,-170.94015017855725,9.523612124845386,16.89499116162881,9.37985283720259,18.06081632417075,1.209162857067046,2.8806827811504263,1.1110123481911542,6.779872069317053,85.53341028161003,4.8022638784427265,100.00000000000004,42.09960845464116,100.00000000000004,1.1752961461338232,6.032544917468873,28.582714576685866,100.00000000000004,100.00000000000004,1.9556564539317969
8.0,0.151836111927725,3.5409112966373404,0.8009341796473125,0.038493366651032875,0.014468919802708265,-167.5955857492376,8.108115875162184,13.001824086923143,8.420246232439304,18.035475861574017,1.066706359446968,3.0464310948448663,0.9893587094736652,13.79887872691652,100.00000000000004,4.397116589502129,100.00000000000004,100.00000000000004,6.97287704276566,1.8351165701615644,6.351870761718141,0.8436311154662591,100.00000000000004,100.00000000000004,3.108221618475495
8.25,0.05790732056923074,4.06206876826689,0.3601525718815478,0.044875101709659575,9.999999999999982e-09,-166.9872027582502,7.616120374761522,15.588575645200699,8.512542102544097,17.437566401615516,1.1439754661633423,3.6645997624436584,1.0974590132559885,11.20564841608386,100.00000000000004,4.57334376917538,9.641003446441575,3.9988923429504295,7.815281934780177,1.5283148927914412,100.00000000000004,1.0855604592397112,100.00000000000004,100.00000000000004,0.6074685828308696
8.5,0.16717010139196148,4.492907043411469,0.2773607230996149,0.04756079572891713,1.0332362612253356e-07,-207.05789739055223,9.61076325038448,17.88805781762857,9.508137565025848,19.01548220976082,1.1228460566753409,4.041943655111424,1.018973542862013,6.289755539406692,44.29523204516719,4.809693183188047,8.70005866166012,5.278464731445041,1.3612858910834624,2.512074142954432,7.509262508481908,2.0878908706654014,2.839995727360537,100.00000000000004,0.628742311329508
8.75,0.36984102939895647,4.435160759564785,0.36077611866173936,0.04459541433647293,1.2810550711791165e-07,-197.34639773257044,14.85004312498495,12.688077651084459,10.596396277045196,16.96950866181401,1.0838403978603812,4.267912456068993,0.9472191161954441,6.027498709272732,100.00000000000004,4.974206040253609,19.12876464317621,6.866589696605594,8.913324600492732,0.8164398113925299,6.358589136441868,0.6881689131815174,37.60860910024641,31.26915223620056,2.145115777531161
9.0,0.3389241138658902,4.908072050172197,0.5898363664109058,0.04548744634218183,0.002435605957372895,-202.61543322360438,7.760606957599521,14.676526551507964,11.350945227129106,19.70250019900415,1.0852370758277827,4.881569205001033,0.9747827055060311,5.553377308281272,49.42765688108615,5.1270418190366644,100.00000000000004,8.73850939748119,11.474662175342198,1.020912143527931,2.6102238262840167,1.1617694049276936,5.56133670485215,100.00000000000004,3.5207995989097496
9.25,0.30520467649859495,3.820605356037161,0.5534525662343754,0.03864711738431145,0.003155595245795575,-197.88218000096566,7.635814959183335,11.845530606292227,10.28340058905005,16.03454338022537,0.9740213844714816,4.5059113894164975,0.8946269503208701,5.865724138141383,47.98478528025546,4.743981875729816,100.00000000000004,7.4593923071603525,9.308066504463563,1.017223621499674,2.8344267611306075,1.1705903754630853,4.738275288495022,100.00000000000004,3.4240391813692135
9.5,0.2930112522239434,3.1749553829182062,0.46926426801998444,0.030550538757259663,0.007959633556845012,-161.1728548198011,8.029602500144392,10.538118040876734,9.302191905685273,15.473952615610003,0.926668047213814,3.985062298347306,0.9120671961176048,7.382447219876817,41.03491423834309,4.594153967149356,100.00000000000004,10.373445487120325,11.720097893332486,0.8767227278224573,6.330359057176647,0.7647741527201065,100.00000000000004,100.00000000000004,2.8453324501926796
9.75,0.38942214515511336,2.6715215827765473,0.3761624260945726,0.019704135657526323,0.00013088797465160107,-156.6323248047982,6.17327699996531,9.501288492018537,8.40020638113512,14.021613781582102,0.8589055737679386,2.6524406100439535,0.8565064402465556,9.323132885329239,47.72825286010347,4.419724424583056,8.236712284243277,6.754510134908215,5.006742976109488,0.7717581460904529,3.455381828190928,0.7504150924993642,26.81412345779751,100.00000000000004,2.7890822773482467
10.0,0.3484773404340864,2.5716146348110067,0.4929953808384938,0.01894538501112654,0.0060258718266237256,-132.02365740927883,9.589890167117119,9.298125119927953,8.32460099913011,15.935951721809793,0.846536179620173,2.3544938581275052,0.9102530154098587,14.445063069813015,39.006485781995906,4.668421620329641,100.00000000000004,7.963585576505516,8.22511025677389,0.8336698955942476,5.555842970247538,0.7988363974324175,100.00000000000004,100.00000000000004,3.1280592697654455
10.25,0.4990235748174907,2.5346165588847565,0.40808883903257065,0.03111382617713944,0.002009345856347812,-106.24607318325593,9.251127457711846,9.671974598269054,7.969645628208126,21.011927771606803,1.2524502713909595,2.1297397706776526,1.031524771345413,40.37568534884646,44.24409413211346,5.278793822185592,100.00000000000004,6.397200095013703,6.037850677618483,0.7137096668730509,5.646110074916033,0.8361143165003591,100.00000000000004,100.00000000000004,3.3522981186185747
10.5,0.6703492300019662,2.732234219358473,0.31032718463277287,0.029901433134689917,0.007107214601691631,-78.43593247608516,9.490735959261656,14.138333009067624,9.293238151455512,32.5046126589373,1.4745789195469736,1.8671308318295343,1.1152177954428322,81.09669542615904,100.00000000000004,6.023530888398539,100.00000000000004,4.998056081206686,5.658308114923659,0.672146319851871,3.860476689695015,0.8031431239953245,100.00000000000004,100.00000000000004,3.9991717195587464
10.75,0.6644924669651033,2.658406114937372,0.3184508181876194,0.028530857187081368,0.010373442977034745,-65.24600146506407,7.922363665886223,15.120754162358526,8.8396379110098,32.87945757002701,1.4430797616631335,2.0815722332043727,1.1497913327530687,100.00000000000004,91.23427816397464,6.028385907233842,100.00000000000004,5.0663567807521,5.672593057580831,0.6760511295386712,3.7443350052302375,0.8615319979051512,100.00000000000004,100.00000000000004,3.8203397822077085
11.0,0.4911753625038844,2.8553169537144267,0.5133699514254106,0.027261739660161727,0.008243280253509257,-71.51982505561745,8.703066499903798,15.110087931249247,7.92422865877565,23.04340625539727,1.3812079987434367,1.950619793299448,1.197407881138928,75.90402442398575,83.08650553672966,6.044914266019481,100.00000000000004,7.73595776404776,6.279214285478681,0.725267884911617,4.730203597083291,1.0846447786861437,100.00000000000004,100.00000000000004,3.7819667182413057
11.25,0.5538412002166067,3.2448270433991815,0.4485519132013336,0.026048282527294336,0.0048954203001235,-59.323439014896564,7.163914917036891,15.653751674561809,8.908230798973497,27.791977613842942,1.4339037894748288,1.9956583421202645,1.2121850672834966,78.34509099589812,100.00000000000004,6.510218682550314,100.00000000000004,5.851831249664994,5.327069906681975,0.7091135676942755,5.034173737196028,0.9354128589853742,100.00000000000004,100.00000000000004,3.8478376890517114
11.5,0.6051403226724724,3.1349768752629954,0.4002038506429879,0.023754225511900238,0.0005611152505693485,-62.52209106725496,9.074306583032012,11.849650674282334,8.78184094547284,33.431472423940015,1.4146077699145692,2.1146390676387306,1.0852287568474672,52.27819750879806,100.00000000000004,6.341861532196644,100.00000000000004,4.323283149804057,4.963929791354612,0.6735370662468771,4.5903212749789,0.7503923524019294,100.00000000000004,36.98039484598066,3.891131129819658
11.75,0.40898984547478645,2.65132483007698,0.7924494669090157,0.021192995533273133,0.00567846298212445,-48.81169164527728,6.240210000425577,13.0262640797293,7.1246390777684585,21.06903055192373,1.2518290161616943,2.1598042302007907,1.1541061370098966,63.61564848155931,99.89028223720564,5.875957997191647,100.00000000000004,5.998882064612339,5.468959505252242,0.7604316790453008,6.946885607909906,1.349868726301758,100.00000000000004,100.00000000000004,3.75290808196175
